title,org_name,url
Responsable de secteur dans les services à la personne (H/F),Petits-fils,https://jobs.makesense.org/fr/jobs/petits-fils-responsable-de-secteur-dans-les-services-a-la-personne-hf-05Kt3rgyVCU3lA5kh4ky
ASSISTANT.E RESSOURCES HUMAINES  H/F - STAGE,EMMAUS DEFI ,https://jobs.makesense.org/fr/jobs/emmaus-defi-assistante-ressources-humaines-hf-stage-0LXpTcYJLTbtii26LSqJ
PSYCHOLOGUE PF LE NOUZET 60%,La Croix-Rouge française,https://jobs.makesense.org/fr/jobs/la-croix-rouge-francaise-psychologue-pf-le-nouzet-60pourcent-0Nbf8jeJfEnjIhTiAF4v
Référent.e Homère,Médecins sans Frontières France,https://jobs.makesense.org/fr/jobs/medecins-sans-frontieres-france-referente-homere-0P3Vg4PTKboClc00bqza
SECRETAIRE MEDICAL (H/F/X),La Croix-Rouge française,https://jobs.makesense.org/fr/jobs/la-croix-rouge-francaise-secretaire-medical-hfx-0PA5FI1oW2xi2xGInn2e
RESPONSABLE D'ACCOMPAGNEMENT SOCIAL ET PROFESSIONNEL - H/F,Groupe Ares,https://jobs.makesense.org/fr/jobs/groupe-ares-responsable-daccompagnement-social-et-professionnel-hf-0T2Hu1b6ZUU0TR9ouKvf
CDI - Journaliste Vidéo & Documentariste x Tolt (Formats YouTube/Réseaux),HOURRAIL !,https://jobs.makesense.org/fr/jobs/hourrail-cdi-journaliste-video-et-documentariste-x-tolt-formats-youtubereseaux-0Wr4vV3oNekMvljrLDyv
Travailleur Social Pôle Enfance et Parentalité de la PASH 94 H/F/X,La Croix-Rouge française,https://jobs.makesense.org/fr/jobs/la-croix-rouge-francaise-travailleur-social-pole-enfance-et-parentalite-de-la-pash-94-hfx-0Yeq8izYUZvlYewNn0ef
Alternance - assistant comptabilité et administratif (H/F),2tonnes,https://jobs.makesense.org/fr/jobs/2tonnes-alternance-assistant-comptabilite-et-administratif-hf-0fDPyw9C8hSbaatkz6RG
Ouvrier Maraîcher (F/H),Les Fermes Debout,https://jobs.makesense.org/fr/jobs/les-fermes-debout-ouvrier-maraicher-fh-0mZzbOgMFnMoq9fDOMFt
Stagiaire Afrique 1,Première Urgence Internationale,https://jobs.makesense.org/fr/jobs/premiere-urgence-internationale-stagiaire-afrique-1-0n8pFxLdddZBVvRhwCCu
Ingénieur thermicien du bâtiment (H/F),EMP PROJECT,https://jobs.makesense.org/fr/jobs/emp-project-ingenieur-thermicien-du-batiment-hf-0pjhPE3rVMX1q53UQwEN
Superviseur Comptoir - H/F - 25H - Montreuil,Café joyeux ,https://jobs.makesense.org/fr/jobs/cafe-joyeux-superviseur-comptoir-hf-25h-montreuil-12vxWvTRWjpBnX5qhlsB
Collaborateur comptabilité siège (F/H/X),La Croix-Rouge française,https://jobs.makesense.org/fr/jobs/la-croix-rouge-francaise-collaborateur-comptabilite-siege-fhx-16pcfPa6lVFQ6oFPIexT
Cuisinier (F/H),La Croix-Rouge française,https://jobs.makesense.org/fr/jobs/la-croix-rouge-francaise-cuisinier-fh-17GjAy9NPG5HeTVSBtqG
Moniteur éducateur H/F/X,La Croix-Rouge française,https://jobs.makesense.org/fr/jobs/la-croix-rouge-francaise-moniteur-educateur-hfx-1BouDG24PB0wWAxSvVIh
Responsable Comm & événementiel / Accueil du public / Cueillette petits fruits - La ferme du Prieuré (41) - 2 j/sem,Slasheurs-cueilleurs,https://jobs.makesense.org/fr/jobs/slasheurs-cueilleurs-responsable-comm-et-evenementiel-accueil-du-public-cueillette-petits-fruits-la-ferme-du-prieure-41-2-jsem-1NlpXKlDmnp4yU2h754B
"Maraîcher·e à temps partiel - Domaine des Langues (53) - 2,5 j / semaine",Slasheurs-cueilleurs,https://jobs.makesense.org/fr/jobs/slasheurs-cueilleurs-maraichere-a-temps-partiel-domaine-des-langues-53-25-j-semaine-1PmV3v2rRmCQ87xR1JgN
Psychomotricien (H/F),La Croix-Rouge française,https://jobs.makesense.org/fr/jobs/la-croix-rouge-francaise-psychomotricien-hf-1W8uRDNMy8uO9hIlS61z
Technicien d'Intervention Social et Familiale Diplômé H/F/X,La Croix-Rouge française,https://jobs.makesense.org/fr/jobs/la-croix-rouge-francaise-technicien-dintervention-social-et-familiale-diplome-hfx-1XUCVqqyRMAENTnVlzET
Auxiliaire de puériculture (F/H),Fondation Apprentis d'Auteuil,https://jobs.makesense.org/fr/jobs/fondation-apprentis-dauteuil-auxiliaire-de-puericulture-fh-1XYRyd7Kk7iQo3wZX3Ec
Responsables des ventes et des opérations,Mûre,https://jobs.makesense.org/fr/jobs/mure-responsables-des-ventes-et-des-operations-1cthrkaHU2xunEpIoZ77
J'aide des femmes à apprendre à faire du vélo,cyclAvenir,https://jobs.makesense.org/fr/jobs/cyclavenir-jaide-des-femmes-a-apprendre-a-faire-du-velo-1dPrOVzpdEXdX3JWrzu1
Community manager vidéaste,LQE Nature - Cot Cot House et Naturarium,https://jobs.makesense.org/fr/jobs/lqe-nature-cot-cot-house-et-naturarium-community-manager-videaste-1msCnlZqkrv6g6YwqocO
Responsable exploitation multisites - Hospitality manager,La Conciergerie Solidaire,https://jobs.makesense.org/fr/jobs/la-conciergerie-solidaire-responsable-exploitation-multisites-hospitality-manager-1y0cW1XBwaEDiXu8q56k
Chargé de mission RH-RRH siège F/H/X,La Croix-Rouge française,https://jobs.makesense.org/fr/jobs/la-croix-rouge-francaise-charge-de-mission-rh-rrh-siege-fhx-25xNSUIVDDsqIn1o6ddN
Travailleur social (AS - ES - CESF) - (H/F/X),La Croix-Rouge française,https://jobs.makesense.org/fr/jobs/la-croix-rouge-francaise-travailleur-social-as-es-cesf-hfx-2CiCazK2llc1ecxqhXiW
Assistant(e) administratif CDD (F/H/X),La Croix-Rouge française,https://jobs.makesense.org/fr/jobs/la-croix-rouge-francaise-assistante-administratif-cdd-fhx-2DUIz38Zxg5IQsQz8whR
Responsable de secteur dans les services à la personne (H/F),Petits-fils,https://jobs.makesense.org/fr/jobs/petits-fils-responsable-de-secteur-dans-les-services-a-la-personne-hf-2Fk39lgSVp2EjMnUvQkN
AGENT HOTELIER H/F,Association Aurore,https://jobs.makesense.org/fr/jobs/association-aurore-agent-hotelier-hf-2H72yVPPw3uFO1VjtFMk
Infirmier (e) H/F,La Croix-Rouge française,https://jobs.makesense.org/fr/jobs/la-croix-rouge-francaise-infirmier-e-hf-2IQthBF5Wt4qZc3JHMB0
Cuisinier (F/H/X),La Croix-Rouge française,https://jobs.makesense.org/fr/jobs/la-croix-rouge-francaise-cuisinier-fhx-2KzZqOYFEAdsgEnPt7HB
Chef Cuisinier (F/H),La Croix-Rouge française,https://jobs.makesense.org/fr/jobs/la-croix-rouge-francaise-chef-cuisinier-fh-2LeqPnk1bAUJj24Hqr1d
Animation d'ateliers en ligne pour retraités,Ellii,https://jobs.makesense.org/fr/jobs/ellii-animation-dateliers-en-ligne-pour-retraites-2QnG8z84MOaIslX1WAP3
[Bénévole] Chargé.e d'entretien et maintenance des maisons_ H/F _ IDF,FRATRIES,https://jobs.makesense.org/fr/jobs/fratries-benevole-chargee-dentretien-et-maintenance-des-maisons-hf-idf-2cBCpMISxcaGCJwK8vuF
"Travailleur social diplômé (AS, CESF) - (H/F/X) - CDI",La Croix-Rouge française,https://jobs.makesense.org/fr/jobs/la-croix-rouge-francaise-travailleur-social-diplome-as-cesf-hfx-cdi-2f8I1RzHIt2wkPvVPI1R
Responsable de secteur dans les services à la personne (H/F),Petits-fils,https://jobs.makesense.org/fr/jobs/petits-fils-responsable-de-secteur-dans-les-services-a-la-personne-hf-2rJUChw0iLUBoDFowpqd
Conseiller en Insertion Professionnelle - Public MNA - H/F,Fondation Apprentis d'Auteuil,https://jobs.makesense.org/fr/jobs/fondation-apprentis-dauteuil-conseiller-en-insertion-professionnelle-public-mna-hf-2xRcwFC0wiHmbQLKB3E5
Directeur des services éducatifs et/ou sociaux (H/F/X),La Croix-Rouge française,https://jobs.makesense.org/fr/jobs/la-croix-rouge-francaise-directeur-des-services-educatifs-etou-sociaux-hfx-2xtHdHkcIUlKAPrvfOZ4
"Travailleur social (AS, ES, CESF) PVS - CDI (F/H/X)",La Croix-Rouge française,https://jobs.makesense.org/fr/jobs/la-croix-rouge-francaise-travailleur-social-as-es-cesf-pvs-cdi-fhx-36wiRuqmbKM0y5ZY2vY0
Commercial B2B expérimenté H/F,Octopus Energy France,https://jobs.makesense.org/fr/jobs/octopus-energy-france-commercial-b2b-experimente-hf-3C9PNU23Ig5soom82teh
CDD - Chargé de relation des acteurs philanthropiques H/F,Fondation de France  ,https://jobs.makesense.org/fr/jobs/fondation-de-france-cdd-charge-de-relation-des-acteurs-philanthropiques-hf-3EB97jNPNYRu2mjoJQsS
référent personnes victimes de violences,La Croix-Rouge française,https://jobs.makesense.org/fr/jobs/la-croix-rouge-francaise-referent-personnes-victimes-de-violences-3F8B9gh3tcOBs49ohwT4
Formateur/référent TP ADVF H/F/X - CDI,each One ,https://jobs.makesense.org/fr/jobs/each-one-formateurreferent-tp-advf-hfx-cdi-3JtfAtaXJCI4Ga8cCit5
Stage Bras droit CEO ,Eclosion,https://jobs.makesense.org/fr/jobs/eclosion-stage-bras-droit-ceo-3NoeFzBnCedbKy41i5d7
Psychologue (H/F) - CDI - temps partiel,La Croix-Rouge française,https://jobs.makesense.org/fr/jobs/la-croix-rouge-francaise-psychologue-hf-cdi-temps-partiel-3PIdqAHL112A5ZKcshXX
 Stage - Responsable Partenariats tuteurs,ALVEUS,https://jobs.makesense.org/fr/jobs/alveus-stage-responsable-partenariats-tuteurs-3XCLrWylCjTWrEy2Q84S
Internship – Communication & marketing officer H/F,Blunomy (formerly Enea Consulting),https://jobs.makesense.org/fr/jobs/blunomy-formerly-enea-consulting-internship-communication-et-marketing-officer-hf-3iH4WFYzENtiGv6Ta4Ei
Responsable de secteur dans les services à la personne (H/F),Petits-fils,https://jobs.makesense.org/fr/jobs/petits-fils-responsable-de-secteur-dans-les-services-a-la-personne-hf-3uAFzg8if3L174myrTu7
Chargé·e de projet – Internationalisation (innovation sociale) H/F,Solinum,https://jobs.makesense.org/fr/jobs/solinum-chargee-de-projet-internationalisation-innovation-sociale-hf-45f8fwPkVRhO1xhHcYv5
MONITEUR EDUCATEUR,La Croix-Rouge française,https://jobs.makesense.org/fr/jobs/la-croix-rouge-francaise-moniteur-educateur-4AlXPkRTMCwBWNUpRQQa
Offre de Stage : chef·fe de Projet junior [Agence de Fundraising],WE RISE,https://jobs.makesense.org/fr/jobs/we-rise-offre-de-stage-cheffe-de-projet-junior-agence-de-fundraising-4OBqv1PsmeiWpX2EatZC
Conseiller en insertion Professionnel - H/F,Groupe Ares,https://jobs.makesense.org/fr/jobs/groupe-ares-chargee-daccompagnement-social-et-professionnel-hf-4YikigyYmHSyvMLm7vrN
Stage - Entrepreneuriat & Education : Responsable Pédagogique,ALVEUS,https://jobs.makesense.org/fr/jobs/alveus-stage-entrepreneuriat-et-education-responsable-pedagogique-4ZYBsL76tzR1DIF913Pw
Stagiaire assistant·e communication,Ekopolis,https://jobs.makesense.org/fr/jobs/ekopolis-stagiaire-assistante-communication-4aKbBV4WqqmjQ7tAswlf
CDD - Responsable Partenariats Tuteurs,ALVEUS,https://jobs.makesense.org/fr/jobs/alveus-cdd-responsable-partenariats-tuteurs-54NDXMVUh3yTRw4cioW5
CHEF(FE) DE SECTEUR GMS H/F - PARIS 17e,Café joyeux ,https://jobs.makesense.org/fr/jobs/cafe-joyeux-cheffe-de-secteur-gms-hf-paris-17e-5I1WE8pDtsVpNEHWwV9I
Chef de projets Développement Junior H/F,Café joyeux ,https://jobs.makesense.org/fr/jobs/cafe-joyeux-chef-de-projets-developpement-junior-hf-5QQ7ZevUQt5HSqbTcoEm
Responsable développement commercial,Éditions Génépi,https://jobs.makesense.org/fr/jobs/editions-genepi-responsable-developpement-commercial-5RFSR38c8P7tR3TkAVbP
Infirmier Diplômé d'État CDI ESSIP (H/F/X),La Croix-Rouge française,https://jobs.makesense.org/fr/jobs/la-croix-rouge-francaise-infirmier-diplome-detat-cdi-essip-hfx-5kQzkcOb7phuwDqu5DHp
AIDE SOIGNANTE - ASG -H/F/X,La Croix-Rouge française,https://jobs.makesense.org/fr/jobs/la-croix-rouge-francaise-aide-soignante-asg-hfx-5lCbYJ6PTGEgdiHdWy3l
Stagiaire soutenir le déploiement des formations vie associative (H/F),La Croix-Rouge française,https://jobs.makesense.org/fr/jobs/la-croix-rouge-francaise-stagiaire-soutenir-le-deploiement-des-formations-vie-associative-hf-5oiVueHOUumvIn05QVvl
Référent technique durabilité financière et entreprenariat F/H/X,La Croix-Rouge française,https://jobs.makesense.org/fr/jobs/la-croix-rouge-francaise-referent-technique-durabilite-financiere-et-entreprenariat-fhx-5pVyLfpZtll2okft3QRm
Chargé(e) de communication/ digital / events,No Plastic In My Sea,https://jobs.makesense.org/fr/jobs/no-plastic-in-my-sea-chargee-de-communication-digital-events-5paa88ktxaebhidpF2g7
Data Analyst en alternance (H/F),HEC Paris,https://jobs.makesense.org/fr/jobs/hec-paris-data-analyst-en-alternance-hf-5rEHw2vOP7jgrQ36L5WX
Ouvrier maintenance des moyens généraux  H/F,La Croix-Rouge française,https://jobs.makesense.org/fr/jobs/la-croix-rouge-francaise-ouvrier-maintenance-des-moyens-generaux-hf-5wAk8KOfVn4q35Mbz2az
EDUCATEUR SPECIALISE H/F ,Association Aurore,https://jobs.makesense.org/fr/jobs/association-aurore-educateur-specialise-hf-60TqbyxJkt1oVnqLipO5
Chargé·e de projet Timesheets,Première Urgence Internationale,https://jobs.makesense.org/fr/jobs/premiere-urgence-internationale-chargee-de-projet-timesheets-61uus58OvIcPn7G0EY5y
Assistant Administratif Support - H/F,Groupe Ares,https://jobs.makesense.org/fr/jobs/groupe-ares-assistant-administratif-support-hf-65EHoKClnhLUmKnn9ppH
CHARGÉ.E DEXPLOITATION - H/F,Groupe Ares,https://jobs.makesense.org/fr/jobs/groupe-ares-chargee-dexploitation-hf-6F5noszwHdPkgRXqPayN
GESTIONNAIRE IMMOBILIER H/F/X,La Croix-Rouge française,https://jobs.makesense.org/fr/jobs/la-croix-rouge-francaise-gestionnaire-immobilier-hfx-6JxF3zVS8Ic5kxgaqY5s
Educateur spécialisé en remobilisation scolaire H/F,Fondation Apprentis d'Auteuil,https://jobs.makesense.org/fr/jobs/fondation-apprentis-dauteuil-educateur-specialise-en-remobilisation-scolaire-hf-6L4lmJvqRcz1gvee2V6M
Charge d'études projeteur CAO (H/F),TRYON,https://jobs.makesense.org/fr/jobs/tryon-charge-detudes-projeteur-cao-hf-6ODrZKC0kyhXY49qHgdV
Chargé·e de projet Transformation,Première Urgence Internationale,https://jobs.makesense.org/fr/jobs/premiere-urgence-internationale-chargee-de-projet-transformation-6SaqXsrBSmDB7x6CjtiC
CDI - Responsable de Ruche / responsable pédagogique,ALVEUS,https://jobs.makesense.org/fr/jobs/alveus-cdi-responsable-de-ruche-responsable-pedagogique-6SumvgSO9QSXOee3fEnc
Formateur.trice (F/H),La Croix-Rouge française,https://jobs.makesense.org/fr/jobs/la-croix-rouge-francaise-formateurtrice-fh-6iPruAumRtu8xfLftd7g
Senior Software Engineer Fullstack (H/F) ,Hello Watt,https://jobs.makesense.org/fr/jobs/hello-watt-senior-software-engineer-fullstack-hf-6kjpcEjCpBfaL3yGcj03
CIP Coach EMPLOI RSA - H/F,Groupe Ares,https://jobs.makesense.org/fr/jobs/groupe-ares-cip-coach-emploi-rsa-hf-6mCkjLwRJ4RU4SPiKBxO
Chargé de Marketing Digital & Développement de Melchior (H/F),Institut de l'Entreprise,https://jobs.makesense.org/fr/jobs/institut-de-lentreprise-charge-de-marketing-digital-et-developpement-de-melchior-hf-6x8EmhyFyBF4qfWn0ec8
Responsable du pôle développement (H/F),Fondation Apprentis d'Auteuil,https://jobs.makesense.org/fr/jobs/fondation-apprentis-dauteuil-responsable-du-pole-developpement-hf-6yFYLR7D0l4t9EoWiteg
Chargé(e) de recrutement et d'accompagnement - F/H,Groupe Vitamine T ,https://jobs.makesense.org/fr/jobs/groupe-vitamine-t-chargee-de-recrutement-et-daccompagnement-fh-7INP21sGJ4oWEUihUWzA
Educateur en CDD MECS - H/F,Fondation Apprentis d'Auteuil,https://jobs.makesense.org/fr/jobs/fondation-apprentis-dauteuil-educateur-en-cdd-mecs-hf-7Nsbxyax2ASYDjIXkFrD
Directeur.rice Ressources Humaines (H/F),EMMAUS DEFI ,https://jobs.makesense.org/fr/jobs/emmaus-defi-directeurrice-ressources-humaines-hf-7O0Q4QV0UZklkVe4Zsb2
Carbon Finance Intern,CarbonFarm Technology,https://jobs.makesense.org/fr/jobs/carbonfarm-technology-carbon-finance-intern-7UHn3mVswLEIk6GgioYs
Responsable pédagogique (F/H),La Croix-Rouge française,https://jobs.makesense.org/fr/jobs/la-croix-rouge-francaise-responsable-pedagogique-fh-7WcxcFKhrWcjJTuQR6Bp
CHEF.FE DEQUIPE DE NUIT - H/F,Groupe Ares,https://jobs.makesense.org/fr/jobs/groupe-ares-cheffe-dequipe-de-nuit-hf-7bjbEHzPNqvkC6PztDzX
Chargé des financements et des subventions publiques H/F,Ordre de Malte,https://jobs.makesense.org/fr/jobs/ordre-de-malte-charge-des-financements-et-des-subventions-publiques-hf-7iQqgUlI2MfFGSPdNdMv
Principal Power & Distributed Energy Resources (DER) H/F,Blunomy (formerly Enea Consulting),https://jobs.makesense.org/fr/jobs/blunomy-formerly-enea-consulting-principal-power-and-distributed-energy-resources-der-hf-7onwuOmYwEfuo8f2LSvY
Médecin chef (H/F/X),La Croix-Rouge française,https://jobs.makesense.org/fr/jobs/la-croix-rouge-francaise-medecin-chef-hfx-7vkXRUeAVfNN10PtCqNY
Alternance  - UX designer (H/F),2tonnes,https://jobs.makesense.org/fr/jobs/2tonnes-alternance-ux-designer-hf-810yNXloMAiMgsjQIssZ
1 Educateur Spécialisé (H/F Temps Plein) Centre Parental Les Gigognes,La Croix-Rouge française,https://jobs.makesense.org/fr/jobs/la-croix-rouge-francaise-1-educateur-specialise-hf-temps-plein-centre-parental-les-gigognes-84W5WTT7WlXYYivrxmZy
Assistant.e du Département des Opérations (F/H),Médecins sans Frontières France,https://jobs.makesense.org/fr/jobs/medecins-sans-frontieres-france-assistante-du-departement-des-operations-fh-8BOYIoDCumL44ElJRyP9
TECHNICIEN ADMINISTRATIF SUPERIEUR - SPECIALISE COMPTABLE (H/F),La Croix-Rouge française,https://jobs.makesense.org/fr/jobs/la-croix-rouge-francaise-technicien-administratif-superieur-specialise-comptable-hf-8HxMBq9MA2lwQm8lPemh
Consultant·e économique et social - Services Financiers,SYNDEX,https://jobs.makesense.org/fr/jobs/syndex-consultante-economique-et-social-services-financiers-8LkQMaodMnHgFAKorM3r
Technicien d'Intervention sociale et Familiale H/F/X,La Croix-Rouge française,https://jobs.makesense.org/fr/jobs/la-croix-rouge-francaise-technicien-dintervention-sociale-et-familiale-hfx-8P9zGjJQ5N864RQqNcNk
Animateur petite enfance H/F,Fondation Apprentis d'Auteuil,https://jobs.makesense.org/fr/jobs/fondation-apprentis-dauteuil-animateur-petite-enfance-hf-8SlP6Mn3DrPj4YcQ32Ed
Ingénieur(e) en Maîtrise d’œuvre CVC (H/F) - CDI à Paris,Alter Watt ,https://jobs.makesense.org/fr/jobs/alter-watt-ingenieure-en-maitrise-doeuvre-cvc-hf-cdi-a-paris-8Tbgy7pxsHt43n7FWlnH
Responsable Ressources Humaines H/F,Emmaüs Connect,https://jobs.makesense.org/fr/jobs/emmaus-connect-responsable-ressources-humaines-hf-8Xp3AdDTjEi4LTx3pVvt
Travailleur social CDD CDO (F/H/X),La Croix-Rouge française,https://jobs.makesense.org/fr/jobs/la-croix-rouge-francaise-travailleur-social-cdd-cdo-fhx-8a2IbOEwKIIlzswTO9kz
travailleur social (H/F),Fondation maison des champs,https://jobs.makesense.org/fr/jobs/fondation-maison-des-champs-travailleur-social-hf-8j7aizTRpHV2MEhb1kJj
Responsable d'équipe transversal CHUS (F/H/X),La Croix-Rouge française,https://jobs.makesense.org/fr/jobs/la-croix-rouge-francaise-responsable-dequipe-transversal-chus-fhx-8n7h8IxeypulqPdmg0Ho
Conseiller en Insertion Professionnelle - Public MNA - H/F,Fondation Apprentis d'Auteuil,https://jobs.makesense.org/fr/jobs/fondation-apprentis-dauteuil-conseiller-en-insertion-professionnelle-public-mna-hf-8obG3Vty1dreqfDnfTvD
Offre de stage - Chargé·e de communication digitale,Démocratie Ouverte,https://jobs.makesense.org/fr/jobs/democratie-ouverte-offre-de-stage-chargee-de-communication-digitale-8sKF98Qll6ZmuvuG4cQc
Agent technique (H/F),Fondation Perce Neige,https://jobs.makesense.org/fr/jobs/fondation-perce-neige-agent-technique-hf-8sQ2bxb503X83sxG6Eg4
Chargé.e d'animation et communication conciergerie de quartier (Melun) - Stage,La Conciergerie Solidaire,https://jobs.makesense.org/fr/jobs/la-conciergerie-solidaire-chargee-danimation-et-communication-conciergerie-de-quartier-melun-stage-8u3csh3qmMZ9GWugETcG
Directeur d'établissement EHPAD de Montjoie X/F/H,La Croix-Rouge française,https://jobs.makesense.org/fr/jobs/la-croix-rouge-francaise-directeur-detablissement-ehpad-de-montjoie-xfh-8vZhjV7GYHJhWj8xb4Jd
"Ingénieur thermique, fluides - Rénovation énergétique",Mordicus,https://jobs.makesense.org/fr/jobs/mordicus-ingenieur-thermique-fluides-renovation-energetique-8y02zAdQFw0Is8m3wI6O
TRAVAILLEUR SOCIAL (F/H/X) CDD temps plein,La Croix-Rouge française,https://jobs.makesense.org/fr/jobs/la-croix-rouge-francaise-travailleur-social-fhx-cdd-temps-plein-8yAqFA9KihiTufMNyx1a
Intervenant social et éducatif -  H/F,Fondation Apprentis d'Auteuil,https://jobs.makesense.org/fr/jobs/fondation-apprentis-dauteuil-intervenant-social-et-educatif-hf-96XURMQwn03WcQjh5wE0
CONSEILLER EN INSERTION SOCIAL ET PROFESSIONNELLE (F/H/X),La Croix-Rouge française,https://jobs.makesense.org/fr/jobs/la-croix-rouge-francaise-conseiller-en-insertion-social-et-professionnelle-fhx-9B4qHP6DwC9Fi903vHaC
🌿 Account Manager – CDI/CDD 🌿,aKagreen,https://jobs.makesense.org/fr/jobs/akagreen-account-manager-cdicdd-9E4imM203W6ZzmqUKAI0
Infirmier Diplômé d'Etat H/F/X,La Croix-Rouge française,https://jobs.makesense.org/fr/jobs/la-croix-rouge-francaise-infirmier-diplome-detat-hfx-9EBFpjYRpmnpGZrtIRPV
Chargé·e de projets - Publics prioritaires ,Association Droit Pluriel,https://jobs.makesense.org/fr/jobs/association-droit-pluriel-chargee-de-projets-publics-prioritaires-9RJbrrkuAuDflqQ2cK7x
Infirmier(e) de nuit (F/H/X),La Croix-Rouge française,https://jobs.makesense.org/fr/jobs/la-croix-rouge-francaise-infirmiere-de-nuit-fhx-9TXPzXYnGpoArNGnwbsP
Responsable magasin H/F,Ville Issy les Moulineaux,https://jobs.makesense.org/fr/jobs/ville-issy-les-moulineaux-responsable-magasin-hf-9TrHa7wcFcQngCqdZwOI
Jardinier et animateur,Ciel mon radis,https://jobs.makesense.org/fr/jobs/ciel-mon-radis-jardinier-et-animateur-9Vogb5zTaxDHF6qEYwfC
Stage en appui aux programmes de la filière protection de l'enfance,La Croix-Rouge française,https://jobs.makesense.org/fr/jobs/la-croix-rouge-francaise-stage-en-appui-aux-programmes-de-la-filiere-protection-de-lenfance-9f60NLZn7RMXkIG839Xv
Stage chargé de gestion RH (H/F),La Croix-Rouge française,https://jobs.makesense.org/fr/jobs/la-croix-rouge-francaise-stage-charge-de-gestion-rh-hf-9g3i5srpRiI7GhmrgoBz
Juriste - Conseil Juridique (H/F),Ville Issy les Moulineaux,https://jobs.makesense.org/fr/jobs/ville-issy-les-moulineaux-juriste-conseil-juridique-hf-9jQTxtKIF1h2mx4XLVNO
EDUCATEUR JEUNES ENFANTS H/F,Association Aurore,https://jobs.makesense.org/fr/jobs/association-aurore-educateur-jeunes-enfants-hf-9nCafG1MPo6MzkoI9BXz
"Soutenir la mobilisation citoyenne, co-animer des ateliers et des temps favorisant l’accès à la culture numérique et faciliter les liens sociaux",Eternel Solidaire,https://jobs.makesense.org/fr/jobs/eternel-solidaire-soutenir-la-mobilisation-citoyenne-co-animer-des-ateliers-et-des-temps-favorisant-lacces-a-la-culture-numerique-et-faciliter-les-liens-sociaux-9q2h98xsgMnuteSa9rhG
Un.e stagiaire animation numérique et CRM ,Unapei,https://jobs.makesense.org/fr/jobs/unapei-une-stagiaire-animation-numerique-et-crm-9wy7BEmmW17oreutZl0S
Chargé.e de Communication (Stage 6 mois),Fédération France Victimes,https://jobs.makesense.org/fr/jobs/federation-france-victimes-chargee-de-communication-stage-6-mois-9xvtHFgVE4mKomL6rb2i
Juriste droit social (H/F/X),La Croix-Rouge française,https://jobs.makesense.org/fr/jobs/la-croix-rouge-francaise-juriste-droit-social-hfx-A4AMTuwp37HXspztzKD6
Responsable développement dans les services à la personne (H/F),Petits-fils,https://jobs.makesense.org/fr/jobs/petits-fils-responsable-developpement-dans-les-services-a-la-personne-hf-ABNLEtjyVMBpwKbowjSI
Educateur spécialisé (H/F),Fondation Perce Neige,https://jobs.makesense.org/fr/jobs/fondation-perce-neige-educateur-specialise-hf-ACRpDBnhBG7aRydLf5b3
Ingénieur Maintenance et d'Application (H/F),SYLVABOT,https://jobs.makesense.org/fr/jobs/sylvabot-ingenieur-maintenance-et-dapplication-hf-ANJdl7SS40ryRJy6UCCP
Offre de formation - Accompagnateur socioprofessionnel F/H,Bimbamjob,https://jobs.makesense.org/fr/jobs/bimbamjob-offre-de-formation-accompagnateur-socioprofessionnel-fh-AVHwUwl8wHn0kWJeDwcI
INFIRMIER DIPLÔMÉ D’ETAT (H/F/X),La Croix-Rouge française,https://jobs.makesense.org/fr/jobs/la-croix-rouge-francaise-infirmier-diplome-detat-hfx-AfVDMF6ZrLUKNLqhPESO
Gestionnaire administratif financement et subvention pour la rénovation énergétique des copropriétés,VertDurable,https://jobs.makesense.org/fr/jobs/vertdurable-gestionnaire-administratif-financement-et-subvention-pour-la-renovation-energetique-des-coproprietes-AgrT7MW7qaBeQKS0LGAv
Responsable applicatifs SI et gestion de la documentation du SI (H/F),Ville Issy les Moulineaux,https://jobs.makesense.org/fr/jobs/ville-issy-les-moulineaux-responsable-applicatifs-si-et-gestion-de-la-documentation-du-si-hf-AtggjRTu1dmmXbohnnyl
Stage CSM Altitude H/F,AXA Climate,https://jobs.makesense.org/fr/jobs/axa-climate-stage-csm-altitude-hf-Auovcxuy0Kqnf9HkRasB
Chargé·e de Recrutement et Mobilité,Première Urgence Internationale,https://jobs.makesense.org/fr/jobs/premiere-urgence-internationale-chargee-de-recrutement-et-mobilite-AwIDglYvP7CEc8cZzxgB
ASSISTANT DE SOINS GERONTOLOGIQUE (H/F/X) -SRAD SARTROUVILLE,La Croix-Rouge française,https://jobs.makesense.org/fr/jobs/la-croix-rouge-francaise-assistant-de-soins-gerontologique-hfx-srad-sartrouville-AwOeHTWIpbnjQd1MJvoM
Responsable de Projet — Opérations & Aménagement de Bureaux,Bluedigo.fr,https://jobs.makesense.org/fr/jobs/bluedigofr-responsable-de-projet-operations-et-amenagement-de-bureaux-AyOmmpRMNakWzcUGrPDd
Aide-soignant de nuit (H/F),Fondation Perce Neige,https://jobs.makesense.org/fr/jobs/fondation-perce-neige-aide-soignant-de-nuit-hf-B5eriAtId92MSJtIOXN7
Chargé/Chargée de SSI,PIX,https://jobs.makesense.org/fr/jobs/pix-chargechargee-de-ssi-BD8AR9BOkMBXQ3HJRrlF
Chargé·e de communication - H/F,Les Petits Frères des Pauvres,https://jobs.makesense.org/fr/jobs/les-petits-freres-des-pauvres-chargee-de-communication-hf-BDVxpbRBpqBDmhAoiJau
CDD - Chef de projet outils et supports H/F,Fondation de France  ,https://jobs.makesense.org/fr/jobs/fondation-de-france-cdd-chef-de-projet-outils-et-supports-hf-BMdRbaMZRt50VdTXF3rn
Chargé.e de projet - H/F,Les Petits Frères des Pauvres,https://jobs.makesense.org/fr/jobs/les-petits-freres-des-pauvres-chargee-de-projet-hf-BS5PlRrisH6HmyBMkSJK
Educateur spécialisé (H/F/X),La Croix-Rouge française,https://jobs.makesense.org/fr/jobs/la-croix-rouge-francaise-educateur-specialise-hfx-BSOWOPPuBqnp9lj1J6Xk
Chargé de collecte face face H/F,Ligue contre le Cancer,https://jobs.makesense.org/fr/jobs/ligue-contre-le-cancer-charge-de-collecte-face-face-hf-BST75w2QEwOlNGQJ6Rbc
Chargé(e) de marketing Face à Face (F/H) - CDD ,UNICEF FRANCE,https://jobs.makesense.org/fr/jobs/unicef-france-chargee-de-marketing-face-a-face-fh-cdd-BZP0kjkdHRI0deSpJUtP
Aide-soignant,Simon de Cyrène,https://jobs.makesense.org/fr/jobs/simon-de-cyrene-aide-soignant-BlabQSc5TKs6OhQXWlU0
Travailleur Social ADJ Le Corbusier H/F/X,La Croix-Rouge française,https://jobs.makesense.org/fr/jobs/la-croix-rouge-francaise-travailleur-social-adj-le-corbusier-hfx-BpCcnQ846lOvZXbv5atA
FORMATEUR FLE H/F,Association Aurore,https://jobs.makesense.org/fr/jobs/association-aurore-formateur-fle-hf-C6czPkKSMhcKcTyscFdc
Stage -  Business Analyst,ALVEUS,https://jobs.makesense.org/fr/jobs/alveus-stage-business-analyst-C9rB28C0cWQdBxyMdQ5O
Chef de projets partenariats H/F,Fédération Française des Banques Alimentaires,https://jobs.makesense.org/fr/jobs/federation-francaise-des-banques-alimentaires-chef-de-projets-partenariats-hf-CFILdc7A0fRPiXt83zX1
Acheteur Travaux et maintenance des bâtiments (F/H/X),La Croix-Rouge française,https://jobs.makesense.org/fr/jobs/la-croix-rouge-francaise-acheteur-travaux-et-maintenance-des-batiments-fhx-CGLKAlu3FXJgVJEuzWuO
Product Manager Junior (H/F) ,Hello Watt,https://jobs.makesense.org/fr/jobs/hello-watt-product-manager-junior-hf-CRRyi8QWwXj04ZQFeZAl
Chargé d’études en Ingénierie Arboricole F/H,VERDI,https://jobs.makesense.org/fr/jobs/verdi-charge-detudes-en-ingenierie-arboricole-fh-CUoX1HtJSx2qHWY8c4jf
Coordinateur 115 F/H/X,La Croix-Rouge française,https://jobs.makesense.org/fr/jobs/la-croix-rouge-francaise-coordinateur-115-fhx-ChkPISEk3u1lulg1twPD
Chargé d'enseignement et de recherche en pathologie des animaux (H/F),ECOLE NATIONALE VETERINAIRE D'ALFORT,https://jobs.makesense.org/fr/jobs/ecole-nationale-veterinaire-dalfort-charge-denseignement-et-de-recherche-en-pathologie-des-animaux-hf-CiXxgo08WH2YukypoWJz
CDI - Data Analyst - Edtech à impact (H/F),My Job Glasses,https://jobs.makesense.org/fr/jobs/my-job-glasses-cdi-data-analyst-edtech-a-impact-hf-CirdMFqh0jMjkd9P8Ow1
Assistant(e) Administratif en CDD (F/H/X),La Croix-Rouge française,https://jobs.makesense.org/fr/jobs/la-croix-rouge-francaise-assistante-administratif-en-cdd-fhx-CqVMAXYvIFiVTSCRba8a
Bras droit CEO / Head of Sales - Stage ou Alternance,Dorêka,https://jobs.makesense.org/fr/jobs/doreka-bras-droit-ceo-head-of-sales-stage-ou-alternance-CsNwKVZDdsZIxsW821d4
Psychologue H/F,Oeuvre de secours aux enfants,https://jobs.makesense.org/fr/jobs/oeuvre-de-secours-aux-enfants-psychologue-hf-CwEcnyuRe7QgOHkwbpNb
"Travailleur social diplômé (AS, CESF)  - (H/F/X) - CDI",La Croix-Rouge française,https://jobs.makesense.org/fr/jobs/la-croix-rouge-francaise-travailleur-social-diplome-as-cesf-hfx-cdi-D2EExMobKUcGAipL9ZLI
Senior Compliance Officer,Qileo,https://jobs.makesense.org/fr/jobs/qileo-senior-compliance-officer-DBf0SAhIGQ2euW0fJpoA
Chargé de mission juridique et financière (H/F),EPCC Le Cube Garges,https://jobs.makesense.org/fr/jobs/epcc-le-cube-garges-charge-de-mission-juridique-et-financiere-hf-DK9g3o0Qu78JIsfStqRH
PSYCHOLOGUE H/F au DIS 91,La Croix-Rouge française,https://jobs.makesense.org/fr/jobs/la-croix-rouge-francaise-psychologue-hf-au-dis-91-DLpigqGOVPCbq4lK4CJ3
Magasinier receptionnaire H/F,SYND MIXTE VALLEE YERRES ET DES SENARTS,https://jobs.makesense.org/fr/jobs/synd-mixte-vallee-yerres-et-des-senarts-magasinier-receptionnaire-hf-DYOyMmsgJy4cQ4IQ7T48
Chargé·e de Webmarketing et Communication Digitale,Première Urgence Internationale,https://jobs.makesense.org/fr/jobs/premiere-urgence-internationale-chargee-de-webmarketing-et-communication-digitale-DYyupBvDpXuwvvU6UABX
chargé emploi formation F/H/X,La Croix-Rouge française,https://jobs.makesense.org/fr/jobs/la-croix-rouge-francaise-charge-emploi-formation-fhx-DaREKlYMYLLyJUTvYMWg
Stage 2 mois : Animation de jardins pédagogiques dans les écoles et entretien d'une ferme urbaine,La SAUGE,https://jobs.makesense.org/fr/jobs/la-sauge-stage-2-mois-animation-de-jardins-pedagogiques-dans-les-ecoles-et-entretien-dune-ferme-urbaine-DaosEYGvi3NxwtHt8a5b
Moniteur Educateur (H/F),Fondation Perce Neige,https://jobs.makesense.org/fr/jobs/fondation-perce-neige-moniteur-educateur-hf-DbRFVqYXVu9WgzRAn69f
Chef·fe de projet rénovation énergétique - Stage - mars/avril 2026 🙌,Dorêka,https://jobs.makesense.org/fr/jobs/doreka-cheffe-de-projet-renovation-energetique-stage-marsavril-2026-DfZxwTT2Ou5oPEzWXKIg
Travailleur Social Pôle Enfance et Parentalité de la PASH 78 H/F/X,La Croix-Rouge française,https://jobs.makesense.org/fr/jobs/la-croix-rouge-francaise-travailleur-social-pole-enfance-et-parentalite-de-la-pash-78-hfx-DfsENJKUO5tBkXAozDxi
CDD - Contrôleur de gestion H/F,Fondation de France  ,https://jobs.makesense.org/fr/jobs/fondation-de-france-cdd-controleur-de-gestion-hf-DhBxSOztuBlWTCcQhivR
Formateur/trice Ambulancier (H/F/X),La Croix-Rouge française,https://jobs.makesense.org/fr/jobs/la-croix-rouge-francaise-formateurtrice-ambulancier-hfx-DiEaIPMjm9zeyNPcom2l
Aide-soignant (F/H/X),La Croix-Rouge française,https://jobs.makesense.org/fr/jobs/la-croix-rouge-francaise-aide-soignant-fhx-PM9s7mPTXAXVpW8F8bLe
Premier Sales & Account Executive B2B2C 🚀,Dorêka,https://jobs.makesense.org/fr/jobs/doreka-premier-sales-et-account-executive-b2b2c-PYNUSzS3MwmJawBw6DdC
Brand Content & Relations Presse (H/F),Hello Watt,https://jobs.makesense.org/fr/jobs/hello-watt-brand-content-et-relations-presse-hf-Pc0KWVaJsvbvTLCsYQgh
Directeur Administratif et Financier H/F,Ecclésia RH,https://jobs.makesense.org/fr/jobs/ecclesia-rh-directeur-administratif-et-financier-hf-Pgd4VhCj3CArHvqjBaIM
Accompagnant éducatif et social (X/H/F),La Croix-Rouge française,https://jobs.makesense.org/fr/jobs/la-croix-rouge-francaise-accompagnant-educatif-et-social-xhf-PiIcLZ8MT4W5ZTqto7vE
MONITEUR EDUCATEUR F/H/X,La Croix-Rouge française,https://jobs.makesense.org/fr/jobs/la-croix-rouge-francaise-moniteur-educateur-fhx-Pmd0oSGiDx1gVdfMwy2k
TRAVAILLEUR SOCIAL (ES / ASS / CESF) H/F H/F,Association Aurore,https://jobs.makesense.org/fr/jobs/association-aurore-travailleur-social-es-ass-cesf-hf-hf-PnsC3V6cn9HnnStSegBs
TRAVAILLEUR SOCIAL DIPLOME H/F/X,La Croix-Rouge française,https://jobs.makesense.org/fr/jobs/la-croix-rouge-francaise-travailleur-social-diplome-hfx-PpTxgi45DQqVBIpTIKlX
Infirmier Coordinateur IDEC (H/F),La Croix-Rouge française,https://jobs.makesense.org/fr/jobs/la-croix-rouge-francaise-infirmier-coordinateur-idec-hf-PtUka64lsdFbemUWHkHo
Responsable de secteur dans les services à la personne (H/F),Petits-fils,https://jobs.makesense.org/fr/jobs/petits-fils-responsable-de-secteur-dans-les-services-a-la-personne-hf-PuPItv8FX9rYVhfTlIwz
H/F Responsable partenariats et développement – Association BECOMTECH – Paris 19ème ,Cabinet Partium,https://jobs.makesense.org/fr/jobs/cabinet-partium-hf-responsable-partenariats-et-developpement-association-becomtech-paris-19eme-PwmGMQKpjGGjFfKEq7XH
Chef de Service du Pôle Observatoire Social F/H/X,La Croix-Rouge française,https://jobs.makesense.org/fr/jobs/la-croix-rouge-francaise-chef-de-service-du-pole-observatoire-social-fhx-PxO43cgnAM5wu01FeDhM
Chargé·e de communication régionale - H/F,Les Petits Frères des Pauvres,https://jobs.makesense.org/fr/jobs/les-petits-freres-des-pauvres-chargee-de-communication-regionale-hf-Pz4mk0ZlJ3XXIyMNqMRy
Eco citoyenneté de proximité: agir  ensemble pour une localité togolaise propre et durable,Annacybelle,https://jobs.makesense.org/fr/jobs/annacybelle-eco-citoyennete-de-proximite-agir-ensemble-pour-une-localite-togolaise-propre-et-durable-Q0OtldDPkWIoReN96PYY
Directeur.trrice de Magasin H/F C1 CDI,"NOUS, épiceries anti-gaspi",https://jobs.makesense.org/fr/jobs/nous-epiceries-anti-gaspi-directeurtrrice-de-magasin-hf-c1-cdi-Q1E0Q8FnZANVF4zxSytm
Consultant économique et social F/H,SYNDEX,https://jobs.makesense.org/fr/jobs/syndex-consultant-economique-et-social-fh-Q6IJriqOdrJMrM1QV4Ck
aide soignant,La Croix-Rouge française,https://jobs.makesense.org/fr/jobs/la-croix-rouge-francaise-aide-soignant-Q8VSkIpS9619DF0Sggf7
TRAVAILLEUR SOCIAL DIPLOME H/F/X,La Croix-Rouge française,https://jobs.makesense.org/fr/jobs/la-croix-rouge-francaise-travailleur-social-diplome-hfx-QBeGJsViZvuyzjliJoBp
Chargé.e de mission - stage 6 mois,GEPSo,https://jobs.makesense.org/fr/jobs/gepso-chargee-de-mission-stage-6-mois-QDFLaKzpNgbXNAOWei9G
Collecteur / collectrice de vêtements usagés                (H/F),ECOTEXTILE S.A.S,https://jobs.makesense.org/fr/jobs/ecotextile-sas-collecteur-collectrice-de-vetements-usages-hf-QDpdQ6kwjrIvMJgusO2e
Stage e-commerce start-up vélo  - JE SUIS A VELO,JE SUIS À VÉLO,https://jobs.makesense.org/fr/jobs/je-suis-a-velo-stage-e-commerce-start-up-velo-je-suis-a-velo-QEh6xUpicqos7aL3xZZb
Responsable Cuisine H/F -Paris,Café joyeux ,https://jobs.makesense.org/fr/jobs/cafe-joyeux-responsable-cuisine-hf-paris-QJKHBTh46HfKNgBoEI0g
Chargé.e développement Commercial IDF - Les Alchimistes,Les Alchimistes,https://jobs.makesense.org/fr/jobs/les-alchimistes-chargee-developpement-commercial-idf-les-alchimistes-QPYFxthQBwJ1bt8ULO3I
TRAVAILLEUR SOCIAL H/F,Association Aurore,https://jobs.makesense.org/fr/jobs/association-aurore-travailleur-social-hf-QjJYBKZHZU4tdaqN9mNM
AGENT D'ACCUEIL/SECRETAIRE H/F,Association Aurore,https://jobs.makesense.org/fr/jobs/association-aurore-agent-daccueilsecretaire-hf-QjjVx0tZeG3MstIE3hGg
Technicien maintenance/ installateur pompe a chaleur /clim (H/F),CSY QUALITY GAZ,https://jobs.makesense.org/fr/jobs/csy-quality-gaz-technicien-maintenance-installateur-pompe-a-chaleur-clim-hf-Qoc0UYeG8kjnlbgQ64U7
Responsable magasin de ferme & B2C,Les Fermes Debout,https://jobs.makesense.org/fr/jobs/les-fermes-debout-responsable-magasin-de-ferme-et-b2c-R16OTAvFvSM4AFL4cupG
PRODUCT OWNER - F/H - CDI,Citeo,https://jobs.makesense.org/fr/jobs/citeo-product-owner-fh-cdi-RDr2mz2LyGOyYy75CznY
Chargé.e de mission énergies renouvelables,Hello Watt,https://jobs.makesense.org/fr/jobs/hello-watt-chargee-de-mission-energies-renouvelables-RFiGFRveoxnWnlU2lXwP
Médecin PMI H/F,La Croix-Rouge française,https://jobs.makesense.org/fr/jobs/la-croix-rouge-francaise-medecin-pmi-hf-RGcMSr11GKHm9XsWBL8i
Senior Consultant Consolidation & Reporting,OMEVA,https://jobs.makesense.org/fr/jobs/omeva-senior-consultant-consolidation-et-reporting-RUxMHIh0Oi0QuR3E2fxo
Maraîcher.e saisonnier.e - Ferme des Millonets (95) - 35h,Slasheurs-cueilleurs,https://jobs.makesense.org/fr/jobs/slasheurs-cueilleurs-maraichere-saisonniere-ferme-des-millonets-95-35h-S1rlBshDuH7InLcoLm7H
European Projects’ Officer Chargé(e) des aspects administratifs et financiers des projets européens,Forum Europeen pour la sécurité Urbaine - Efus,https://jobs.makesense.org/fr/jobs/forum-europeen-pour-la-securite-urbaine-efus-european-projects-officer-chargee-des-aspects-administratifs-et-financiers-des-projets-europeens-S6a4LJ8BYL6xfjSBFrgm
Responsable Digital,Fondation Altitudes,https://jobs.makesense.org/fr/jobs/fondation-altitudes-responsable-digital-S6vaYaSNzQCktexOhMoV
Responsable Mobilisation et Engagement des Bénévoles,Fondation Altitudes,https://jobs.makesense.org/fr/jobs/fondation-altitudes-responsable-growth-et-engagement-benevoles-SBgPwY0UpuiKmdeOGK5t
Responsable Administratif et Financier H/F,Ecclésia RH,https://jobs.makesense.org/fr/jobs/ecclesia-rh-responsable-administratif-et-financier-hf-SDQcMP719xDS1S4ZVk3i
Stage Contrôleur(se) de gestion (H/F),La Croix-Rouge française,https://jobs.makesense.org/fr/jobs/la-croix-rouge-francaise-stage-controleurse-de-gestion-hf-SH7MjhAGY025oI7G4jtB
Développeur.euse de la plateforme Techpourtoutes.io,Fondation Inria,https://jobs.makesense.org/fr/jobs/fondation-inria-developpeureuse-de-la-plateforme-techpourtoutesio-SIdZTuhbXKCP7J3xBtQe
ANIMATEUR SOCIO-EDUCATIF F/H/X,La Croix-Rouge française,https://jobs.makesense.org/fr/jobs/la-croix-rouge-francaise-animateur-socio-educatif-fhx-SKRGH07iXXCRtB3F7GGz
Stage - Assistant(e) Ressources Humaines  ,EPCC Le Cube Garges,https://jobs.makesense.org/fr/jobs/epcc-le-cube-garges-stage-assistante-ressources-humaines-SNW6nxCUoPfgAvSf605G
Data & Business Analyst (H/F) ,Hello Watt,https://jobs.makesense.org/fr/jobs/hello-watt-data-et-business-analyst-hf-STcNc8wUqeRmaIU1Bboo
Orthophoniste (F/H/X),La Croix-Rouge française,https://jobs.makesense.org/fr/jobs/la-croix-rouge-francaise-orthophoniste-fhx-SWT0iCui62cOUBFMq6sb
Accompagnant éducatif et social (AES) (H/F),Fondation Perce Neige,https://jobs.makesense.org/fr/jobs/fondation-perce-neige-accompagnant-educatif-et-social-aes-hf-SX7T01azlP0PGPGa4pY5
Responsable de projet qualité et évaluation des soins oncologiques de support H/F,Ligue contre le Cancer,https://jobs.makesense.org/fr/jobs/ligue-contre-le-cancer-responsable-de-projet-qualite-et-evaluation-des-soins-oncologiques-de-support-hf-SoRoaCjMWtoYNFpzBNn2
Développeur / Développeuse,Association pour la transition Bas Carbone (ABC),https://jobs.makesense.org/fr/jobs/association-pour-la-transition-bas-carbone-abc-developpeur-developpeuse-SqKphcggIcKRRelBEfvM
Diagnostiqueur immobilier spécialisé tertiaire et énergétique (H/F),KELETA,https://jobs.makesense.org/fr/jobs/keleta-diagnostiqueur-immobilier-specialise-tertiaire-et-energetique-hf-Sr8UOC2Tg1o50QWdW01u
Moniteur Educateur F/H/X,La Croix-Rouge française,https://jobs.makesense.org/fr/jobs/la-croix-rouge-francaise-moniteur-educateur-fhx-SsB1TDFQCcGOrYtQzhG5
Directeur des Ressources Humaines Auteuil Petite Enfance  H/F,Fondation Apprentis d'Auteuil,https://jobs.makesense.org/fr/jobs/fondation-apprentis-dauteuil-directeur-des-ressources-humaines-auteuil-petite-enfance-hf-T3kxg3X0MR2CbkP7Ysum
Chargé de mission d’audit interne (F/H/X),La Croix-Rouge française,https://jobs.makesense.org/fr/jobs/la-croix-rouge-francaise-charge-de-mission-daudit-interne-fhx-T6r7MmSW9upBKZOLN3lS
Responsable communication -  freelance,ScholaVie,https://jobs.makesense.org/fr/jobs/scholavie-responsable-communication-freelance-TSMSj4dq2wsbLVNNV3YT
Responsable Post-Production (H/F),Les Fermes Debout,https://jobs.makesense.org/fr/jobs/les-fermes-debout-responsable-post-production-hf-TXn5nUpBusGQFzDGrpFR
AIDE DE VIE (F/H/X),La Croix-Rouge française,https://jobs.makesense.org/fr/jobs/la-croix-rouge-francaise-aide-de-vie-fhx-TahhNHANtRrOk2oqkBvL
Acheteur projets industrie (H/F),ALPHADOZ,https://jobs.makesense.org/fr/jobs/alphadoz-acheteur-projets-industrie-hf-TbAxkcROvNhJBVhRNmzH
Chargé(e) de mission compostage de proximité,Syndicat Emeraude,https://jobs.makesense.org/fr/jobs/syndicat-emeraude-chargee-de-mission-compostage-de-proximite-Ted62yvGXgYaohYCCbSq
Equipiers Polyvalents H/F,"NOUS, épiceries anti-gaspi",https://jobs.makesense.org/fr/jobs/nous-epiceries-anti-gaspi-equipiers-polyvalents-hf-TflWSLmAGtRJ4XlHqlRK
TRAVAILLEUR SOCIAL CDD CHRS (F/H/X),La Croix-Rouge française,https://jobs.makesense.org/fr/jobs/la-croix-rouge-francaise-travailleur-social-cdd-chrs-fhx-Tl3q0JVJ1mE1JYI89A30
Educateur spécialisé (H/F),Fondation Apprentis d'Auteuil,https://jobs.makesense.org/fr/jobs/fondation-apprentis-dauteuil-educateur-specialise-hf-TszxCdaVeCOa73JUzYam
Enquêteur-analyste au sein de l'Observatoire H/F,GAB REGION ILE DE FRANCE,https://jobs.makesense.org/fr/jobs/gab-region-ile-de-france-enqueteur-analyste-au-sein-de-lobservatoire-hf-TyxVQgMaFzudXCbhjxjK
INFIRMIER DIPLÔMÉ D’ETAT (F/H/X),La Croix-Rouge française,https://jobs.makesense.org/fr/jobs/la-croix-rouge-francaise-infirmier-diplome-detat-fhx-U1DaVZg0Npzw5RkXsFEQ
Assistant-e Administratif-ve,UNIS CITE,https://jobs.makesense.org/fr/jobs/unis-cite-assistant-e-administratif-ve-U33uCYpZ6UiODXtc5hxw
Ecoutant social 115 - TIUS H/F/X,La Croix-Rouge française,https://jobs.makesense.org/fr/jobs/la-croix-rouge-francaise-ecoutant-social-115-tius-hfx-U4OBKsWiBjSv5o1BcF2R
Charge(e) RH F/H STAGE,"NOUS, épiceries anti-gaspi",https://jobs.makesense.org/fr/jobs/nous-epiceries-anti-gaspi-chargee-rh-fh-stage-U4XcTMfpdewXxTZx9Qj6
Mission France - Coordinateur Communication & Plaidoyer (H/F),Médecins sans Frontières France,https://jobs.makesense.org/fr/jobs/medecins-sans-frontieres-france-mission-france-coordinateur-communication-et-plaidoyer-hf-U4d65hMP4jmE2UB4tzEc
Responsable des Ressources Humaines H/F - 30h/semaine,Ecclésia RH,https://jobs.makesense.org/fr/jobs/ecclesia-rh-responsable-des-ressources-humaines-hf-30hsemaine-UcJwPAKuEG2ey1IVFDUx
1 Educateur Spécialisé (H/F/X ) Centre Parental Les Gigognes 95,La Croix-Rouge française,https://jobs.makesense.org/fr/jobs/la-croix-rouge-francaise-1-educateur-specialise-hfx-centre-parental-les-gigognes-95-Ukg9baRMOUeOe0pWe6Hj
Chargé.e Relation investisseurs,FAIR,https://jobs.makesense.org/fr/jobs/fair-chargee-relation-investisseurs-UtIz85bWaN3KfpNUE4XI
Copie de Infirmier diplômé d'Etat (F/H),La Croix-Rouge française,https://jobs.makesense.org/fr/jobs/la-croix-rouge-francaise-copie-de-infirmier-diplome-detat-fh-Utm71SHBOT24kHINXAGz
Responsable Ingénieur Thermique Fluides - Rénovation énergétique ,Mordicus,https://jobs.makesense.org/fr/jobs/mordicus-responsable-ingenieur-thermique-fluides-renovation-energetique-V8mGuUrTBmjiAf41VAY3
STAGE ASSISTANT ACHATS AU DÉPARTEMENT LOGISTIQUE-ACHAT INTERNATIONAL (H/F),La Croix-Rouge française,https://jobs.makesense.org/fr/jobs/la-croix-rouge-francaise-stage-assistant-achats-au-departement-logistique-achat-international-hf-V9IjQzKABl1OBMVBaXjM
Chargé de mission parentalité et prévention des ruptures familiales (F/H/X),La Croix-Rouge française,https://jobs.makesense.org/fr/jobs/la-croix-rouge-francaise-charge-de-mission-parentalite-et-prevention-des-ruptures-familiales-fhx-VOwBtru0TZtDTQLNIFEx
Ingénieur·e commercial·e entreprises et collectivités - Profil intermediate,Octopus Energy France,https://jobs.makesense.org/fr/jobs/octopus-energy-france-ingenieure-commerciale-entreprises-et-collectivites-profil-intermediate-VnOUcv3gS636obPWyYt7
CHEF(FE) DE SERVICE SUR 4 PENSIONS DE FAMILLE H/F,Association Aurore,https://jobs.makesense.org/fr/jobs/association-aurore-cheffe-de-service-sur-4-pensions-de-famille-hf-VnPa775XFdaztKaZw7DL
Educateur spécialisé MECS expérimenté public MNA H/F,Fondation Apprentis d'Auteuil,https://jobs.makesense.org/fr/jobs/fondation-apprentis-dauteuil-educateur-specialise-mecs-experimente-public-mna-hf-VrRx4PenI5hXCd6Gu3Ms
Assistant·e de Direction,Les Rayons - Régie de quartier de Stains,https://jobs.makesense.org/fr/jobs/les-rayons-regie-de-quartier-de-stains-assistante-de-direction-W0uLNepfHkKgPSRbAzHX
Senior Consultant - Agri Food Systems H/F,AXA Climate,https://jobs.makesense.org/fr/jobs/axa-climate-senior-consultant-agri-food-systems-hf-W8mVycNGNQIDZJnPVkXB
[Stage] Moniteur Educateur _  IDF,FRATRIES,https://jobs.makesense.org/fr/jobs/fratries-stage-moniteur-educateur-idf-WCcj4TVMmUYljZdtscu5
RESPONSABLE-ADJOINT·E Épicerie-café de quartier engagée 39H semaine,La Cale (eurl costa),https://jobs.makesense.org/fr/jobs/la-cale-eurl-costa-responsable-adjointe-epicerie-cafe-de-quartier-engagee-39h-semaine-WCttHglnqb8MptVNjV1S
La Maison Petits-fils ouvre ses portes le 5 mars ! Rejoins-nous si tu veux !,Petits-fils,https://jobs.makesense.org/fr/jobs/petits-fils-la-maison-petits-fils-ouvre-ses-portes-le-5-mars-rejoins-nous-si-tu-veux-WDAzheCcIAksMZFxF2oO
Formateur IFAS / IFAP (F/H/X),La Croix-Rouge française,https://jobs.makesense.org/fr/jobs/la-croix-rouge-francaise-formateur-ifas-ifap-fhx-WFGz8oUn50QOV2yV8k1t
Développeur.se Fullstack Senior - Symfony / React,Phenix ,https://jobs.makesense.org/fr/jobs/phenix-developpeurse-fullstack-senior-symfony-react-WJZA02czAGYS7mafsIBo
Chargé d'études en Exploitation de Bâtiments durables H/F,Greenaffair,https://jobs.makesense.org/fr/jobs/greenaffair-charge-detudes-en-exploitation-de-batiments-durables-hf-WPDu6B7Xwz0FTjOPC7xU
Chargé.e des réseaux sociaux et du community management ,Hello Watt,https://jobs.makesense.org/fr/jobs/hello-watt-chargee-des-reseaux-sociaux-et-du-community-management-WQxTmN4KDKsvhydrDDcT
Responsable d'agence dans les services à la personne (H/F),Petits-fils,https://jobs.makesense.org/fr/jobs/petits-fils-responsable-dagence-dans-les-services-a-la-personne-hf-WiAra2KaHNWlFERirlEz
Responsable Commercial National,Les Alchimistes,https://jobs.makesense.org/fr/jobs/les-alchimistes-responsable-commercial-national-WnIFcAgxgru2JToJmFKN
1928-PSYCHOLOGUE F/H/X-  CDI TP 50%,La Croix-Rouge française,https://jobs.makesense.org/fr/jobs/la-croix-rouge-francaise-1928-psychologue-fhx-cdi-tp-50pourcent-Wr4qQuseJdnNG1hCQPEf
Parametric Underwriter - Americas  H/F,AXA Climate,https://jobs.makesense.org/fr/jobs/axa-climate-parametric-underwriter-americas-hf-Wv68xpwWtO44Jyo8KjST
INFIRMIER DIPLÔMÉ D’ETAT CDI LHSS(F/H/X),La Croix-Rouge française,https://jobs.makesense.org/fr/jobs/la-croix-rouge-francaise-infirmier-diplome-detat-cdi-lhssfhx-WvVgaKhoDS4UmLHsYb5G
Animateur petite enfance H/F,Fondation Apprentis d'Auteuil,https://jobs.makesense.org/fr/jobs/fondation-apprentis-dauteuil-animateur-petite-enfance-hf-X1d649hektyqqGnbvwaQ
Créateur.rice de Contenu Vidéo,Hello Watt,https://jobs.makesense.org/fr/jobs/hello-watt-createurrice-de-contenu-video-X8rMG4avnaLGvj54r76w
Stagiaire chargé/chargée de mission jeunes majeurs,Association IM'PACTES,https://jobs.makesense.org/fr/jobs/association-impactes-stagiaire-chargechargee-de-mission-jeunes-majeurs-XETqpBAE19XQ9b9RwOAv
Directeur Adjoint (F/H/X),La Croix-Rouge française,https://jobs.makesense.org/fr/jobs/la-croix-rouge-francaise-directeur-adjoint-fhx-XPXXScD5qlOIMqf9sHV4
Directeur Administratif & Financier Adjoint (H/F),Altai Consulting,https://jobs.makesense.org/fr/jobs/altai-consulting-directeur-administratif-et-financier-adjoint-hf-XPxXSXJbnVh1BcBsgibY
Travailleur Social diplômé H/F/X,La Croix-Rouge française,https://jobs.makesense.org/fr/jobs/la-croix-rouge-francaise-travailleur-social-diplome-hfx-XRlR36KkcsyB3l6iBFSA
Chef de Culture (F/H),Les Fermes Debout,https://jobs.makesense.org/fr/jobs/les-fermes-debout-chef-de-culture-fh-XTridQOPb6DP2cwB2VYq
Assistant·e administratif·ve - stage,Agence Parisienne du Climat ,https://jobs.makesense.org/fr/jobs/agence-parisienne-du-climat-assistante-administratifve-stage-XUpVei00dBpNkRhJ7LM6
Vendeuse Prêt à Porter Vintage Boutique Paris 10 (proche Bonne Nouvelle),Re.love Vintage Paris,https://jobs.makesense.org/fr/jobs/relove-vintage-paris-vendeuse-pret-a-porter-vintage-boutique-paris-10-proche-bonne-nouvelle-XY2PfDSRyCeJBXyKhZhI
Travailleur social (H/F),Ville Issy les Moulineaux,https://jobs.makesense.org/fr/jobs/ville-issy-les-moulineaux-travailleur-social-hf-XYoALYKdMc8QvLp0RhVY
STAGE - Chargé de communication - Fondation Carasso H/F,Fondation de France  ,https://jobs.makesense.org/fr/jobs/fondation-de-france-stage-charge-de-communication-fondation-carasso-hf-Xa7cr8gMtj4HjSwnw5Un
Médecin pédiatre (F/H/X),La Croix-Rouge française,https://jobs.makesense.org/fr/jobs/la-croix-rouge-francaise-medecin-pediatre-fhx-XaWmTyhjGJD3xnocEvab
Stage/Relations presse et communication,"Contre-Feu, l'alliance contre l'industrie du tabac",https://jobs.makesense.org/fr/jobs/contre-feu-lalliance-contre-lindustrie-du-tabac-stagerelations-presse-et-communication-XawKpR9pmjPChWBg2wxB
Responsable administratif et financier F/H/X,La Croix-Rouge française,https://jobs.makesense.org/fr/jobs/la-croix-rouge-francaise-responsable-administratif-et-financier-fhx-XsYm9whheCmRf5qgCRSc
Ingénieur / Ingénieure systèmes et réseaux,Les Restos du Coeur,https://jobs.makesense.org/fr/jobs/les-restos-du-coeur-ingenieur-ingenieure-systemes-et-reseaux-XzZG4sngtvuCpoTjdEce
Gestionnaire de tiers-lieux,Liveo,https://jobs.makesense.org/fr/jobs/liveo-gestionnaire-de-tiers-lieux-Y0e0Xxx2gwafkjxUadoq
Responsable du budget et de l'analyse financière,Ville Issy les Moulineaux,https://jobs.makesense.org/fr/jobs/ville-issy-les-moulineaux-responsable-du-budget-et-de-lanalyse-financiere-Y0t4rVkwpPWAbDOz5UoL
CHARGE D'ORIENTATION CDI (F/H/X) - SIAO,La Croix-Rouge française,https://jobs.makesense.org/fr/jobs/la-croix-rouge-francaise-charge-dorientation-cdi-fhx-siao-Y3P2ZRGHkpQ1w3YbjFTa
TECHNICIEN ELECTROMECANIQUE (H/F),CENTRE HOSPITALIER SAINTE ANNE,https://jobs.makesense.org/fr/jobs/centre-hospitalier-sainte-anne-technicien-electromecanique-hf-Y5Uv1v9KX2gA4zL2OBFA
Chargé de programme (H/F) en alternance,HEC Paris,https://jobs.makesense.org/fr/jobs/hec-paris-charge-de-programme-hf-en-alternance-YP7OaGsfYfFfxzK6q6in
Infirmier(e) de nuit à temps partiel (F/H/X),La Croix-Rouge française,https://jobs.makesense.org/fr/jobs/la-croix-rouge-francaise-infirmiere-de-nuit-a-temps-partiel-fhx-YUlzqxUervq77SpX1tZ6
Technicien Cycle Itinérant & Atelier (H/F) - Mobilité Électrique,GREEN ON,https://jobs.makesense.org/fr/jobs/green-on-technicien-cycle-itinerant-et-atelier-hf-mobilite-electrique-YbkPF9xRhHMM8plw2Vqa
Chargé.e du suivi des financements IAE/ACI,Association HALAGE,https://jobs.makesense.org/fr/jobs/association-halage-chargee-du-suivi-des-financements-iaeaci-YgAaAZdMvuP1Y13WWCz2
Comptable (F/H/X),La Croix-Rouge française,https://jobs.makesense.org/fr/jobs/la-croix-rouge-francaise-comptable-fhx-YpzCVGgo6aS3uPVznbOH
Directeur / Directrice travaux,Les Fermes Debout,https://jobs.makesense.org/fr/jobs/les-fermes-debout-directeur-directrice-travaux-YqbqNJHzQpIcrZ83FywA
Directeur adjoint de crèche F/H/X,La Croix-Rouge française,https://jobs.makesense.org/fr/jobs/la-croix-rouge-francaise-directeur-adjoint-de-creche-fhx-YtpaY9uq8EHcdx18VuOX
Moniteur Educateur (H/F),Fondation Perce Neige,https://jobs.makesense.org/fr/jobs/fondation-perce-neige-moniteur-educateur-hf-Z4SJ4dhKhZ6MToof6K6H
Animateur Fle H/F,La Croix-Rouge française,https://jobs.makesense.org/fr/jobs/la-croix-rouge-francaise-animateur-fle-hf-Z6wOXd3rtY4KzHqMcoa3
CHEF DE PRODUIT DÉVELOPPEMENT MARKETING ET 360,PLAQ,https://jobs.makesense.org/fr/jobs/plaq-chef-de-produit-developpement-marketing-et-360-Z77aFnJVXLhiFdn5o9JG
Head of People (H/F),Hello Watt,https://jobs.makesense.org/fr/jobs/hello-watt-head-of-people-hf-ZExW6kgjlJCyAlH0MZc5
Coordinateur.trice d'Equipes et de Projets,UNIS CITE,https://jobs.makesense.org/fr/jobs/unis-cite-coordinateurtrice-dequipes-et-de-projets-ZJl0FeqCdspafwnFXZ7n
Cuisinier traiteur / Cuisinière traiteuse (H/F),BIOCOOP,https://jobs.makesense.org/fr/jobs/biocoop-cuisinier-traiteur-cuisiniere-traiteuse-hf-ZLC6URVqmI5s2KcLncQl
Educateur spécialisé MECS (H/F),Fondation Apprentis d'Auteuil,https://jobs.makesense.org/fr/jobs/fondation-apprentis-dauteuil-educateur-specialise-mecs-hf-ZOCdBhvYiyXv0BW1rPNA
MONITEUR EDUCATEUR (H/F),La Croix-Rouge française,https://jobs.makesense.org/fr/jobs/la-croix-rouge-francaise-moniteur-educateur-hf-ZQgoccfpLn7hMQfPWKLf
Agent de médiathèque chargé du suivi administratif et financier - Médiathèque des Chartreux,Ville Issy les Moulineaux,https://jobs.makesense.org/fr/jobs/ville-issy-les-moulineaux-agent-de-mediatheque-charge-du-suivi-administratif-et-financier-mediatheque-des-chartreux-ZT5ht32hk83E9zcWR5MS
Responsable administratif et financier,Linkee,https://jobs.makesense.org/fr/jobs/linkee-responsable-administratif-et-financier-ZaerAlDZ8iuQumsLTzkS
Stage non rémunéré - Appui à la communication,Association autremonde,https://jobs.makesense.org/fr/jobs/association-autremonde-stage-non-remunere-appui-a-la-communication-Ze718ql4PCSeqjXhCxKZ
CHEF DE PARTIE CHAUD,Mûre,https://jobs.makesense.org/fr/jobs/mure-chef-de-partie-chaud-ZpA4ZofT3BOcLQsXa2kp
"Business Developer - DACH Markets, German speaking H/F",Padam Mobility,https://jobs.makesense.org/fr/jobs/padam-mobility-business-developer-dach-markets-german-speaking-hf-Zqqv0mkdUJUlrZzxvXBb
Assistant de service social (F/H/X),La Croix-Rouge française,https://jobs.makesense.org/fr/jobs/la-croix-rouge-francaise-assistant-de-service-social-fhx-Zuyo0EwBn0MaTEFCPraN
PIRAC -Chargé.e Administratif et Financier,La Croix-Rouge française,https://jobs.makesense.org/fr/jobs/la-croix-rouge-francaise-pirac-chargee-administratif-et-financier-ZvZhoKi6FKcMSrDchdsA
Formateur IFSI (F/H/X),La Croix-Rouge française,https://jobs.makesense.org/fr/jobs/la-croix-rouge-francaise-formateur-ifsi-fhx-ZypAZ1jkpTrnrJnLLCt0
Chargé. de projets en santé publique H/F,Ligue contre le Cancer,https://jobs.makesense.org/fr/jobs/ligue-contre-le-cancer-charge-de-projets-en-sante-publique-hf-a1zPqRqJL3h3QwLjdLEa
Assistant·e Administratif Financement,Ithaque,https://jobs.makesense.org/fr/jobs/ithaque-assistante-administratif-financement-aGx2UaCuKKcJrHcV4RXU
Stage UX research / UX design,Énergie Partagée,https://jobs.makesense.org/fr/jobs/energie-partagee-stage-ux-research-ux-design-aRidz7MVQqqBKZlvkCwA
Psychologue (F/X/Y),La Croix-Rouge française,https://jobs.makesense.org/fr/jobs/la-croix-rouge-francaise-psychologue-fxy-aUt1tF3m0MCcCfgaRCT8
Moniteur Educateur (X/H/F),La Croix-Rouge française,https://jobs.makesense.org/fr/jobs/la-croix-rouge-francaise-moniteur-educateur-xhf-aZcoHqNDER0JrLt2bdGK
Ingénieur Etudes - Traitement des eaux - H/F (H/F),ALPHADOZ,https://jobs.makesense.org/fr/jobs/alphadoz-ingenieur-etudes-traitement-des-eaux-hf-hf-ahJUgGqPEhcoWEhLakjd
Responsable de secteur dans les services à la personne (H/F),Petits-fils,https://jobs.makesense.org/fr/jobs/petits-fils-responsable-de-secteur-dans-les-services-a-la-personne-hf-anKN0aouMCz08EHH2vFS
Conseiller/conseillère en financement ESS,France Active Métropole,https://jobs.makesense.org/fr/jobs/france-active-metropole-conseillerconseillere-en-financement-ess-auH664LJTr3LQ2wLtk0E
Infirmier H/F,Association Aurore,https://jobs.makesense.org/fr/jobs/association-aurore-infirmier-hf-ax0vQUuQKXaqQDkQtlrH
[Freelance] Animation d'ateliers en ligne pour retraités,Ellii,https://jobs.makesense.org/fr/jobs/ellii-freelance-animation-dateliers-en-ligne-pour-retraites-b9ufsYFqZGg7JRDHvhte
Infirmier (F/H/X),La Croix-Rouge française,https://jobs.makesense.org/fr/jobs/la-croix-rouge-francaise-infirmier-fhx-bANJU7Mym1xwDS9YUaui
Data Analyst Senior - Crédit & recouvrement H/F,Octopus Energy France,https://jobs.makesense.org/fr/jobs/octopus-energy-france-data-analyst-senior-credit-et-recouvrement-hf-bGkfXZaGKe9YT5ER6mOw
Stagiaire soutien administratif à l’organisation de sessions de formation par le pôle formation bénévoles (H/F),La Croix-Rouge française,https://jobs.makesense.org/fr/jobs/la-croix-rouge-francaise-stagiaire-soutien-administratif-a-lorganisation-de-sessions-de-formation-par-le-pole-formation-benevoles-hf-bMb5Fci4tZHzr1OzBY9b
Responsable Administratif et Financier H/F,Ecclésia RH,https://jobs.makesense.org/fr/jobs/ecclesia-rh-responsable-administratif-et-financier-hf-bMbqcZnyExb8twAnG9ao
Stage - Chargé·e d’appels d’offres et d'acquisition commerciale,La Ruche Développement ,https://jobs.makesense.org/fr/jobs/la-ruche-developpement-stage-chargee-dappels-doffres-et-dacquisition-commerciale-bc1CBXz1hILqDGDOBbXV
Assistant Département partenariats institutionnels de projets internationaux H/F,La Croix-Rouge française,https://jobs.makesense.org/fr/jobs/la-croix-rouge-francaise-assistant-departement-partenariats-institutionnels-de-projets-internationaux-hf-bim5UGrr4OHw9ljJtODC
MONITEUR EDUCATEUR H/F/X,La Croix-Rouge française,https://jobs.makesense.org/fr/jobs/la-croix-rouge-francaise-moniteur-educateur-hfx-bjLKkCUDSJzXzZznHYtP
Chargé de Suivi auprès des ménages hébergés à l'hôtel par la Ville de Paris  H F X,La Croix-Rouge française,https://jobs.makesense.org/fr/jobs/la-croix-rouge-francaise-charge-de-suivi-aupres-des-menages-heberges-a-lhotel-par-la-ville-de-paris-h-f-x-bwDip4qEbuaAN4aN6O47
Responsable de services socio éducatif (F/H/X),La Croix-Rouge française,https://jobs.makesense.org/fr/jobs/la-croix-rouge-francaise-responsable-de-services-socio-educatif-fhx-c1qLVHatXuWI8QFXojey
Gestionnaire comptable et financier H/F,Ville Issy les Moulineaux,https://jobs.makesense.org/fr/jobs/ville-issy-les-moulineaux-gestionnaire-comptable-et-financier-hf-c5WoVkCPy3Ok3XH6Oj8X
Contrat d'Allocation d'Etudes (CAE) - Infirmier H/F,Association Aurore,https://jobs.makesense.org/fr/jobs/association-aurore-contrat-dallocation-detudes-cae-infirmier-hf-c5XiiumnxHLSw4Oe0aPx
Educateur spécialisé (X/H/F),La Croix-Rouge française,https://jobs.makesense.org/fr/jobs/la-croix-rouge-francaise-educateur-specialise-xhf-cBpAitpquOrjd3I3QI9f
Chargé.e de Développement et Fundraising junior (stage ou alternance),Le Sens de l'Ecole,https://jobs.makesense.org/fr/jobs/le-sens-de-lecole-chargee-de-developpement-et-fundraising-junior-stage-ou-alternance-cLfs6Z5WSvIfURMhjcXI
Business Developer - CDI,CLIC&MOI,https://jobs.makesense.org/fr/jobs/clicetmoi-business-developer-cdi-cMdUnLPDAfz1VvHnom3D
Sales Development Representative – DACH Market (Native German Speaker)  H/F,AXA Climate,https://jobs.makesense.org/fr/jobs/axa-climate-sales-development-representative-dach-market-native-german-speaker-hf-cNFNParckWe0JumaAtAR
Psychologue (H/F),Fondation Apprentis d'Auteuil,https://jobs.makesense.org/fr/jobs/fondation-apprentis-dauteuil-psychologue-hf-cclJxBgWU597yk7OZVf6
Job étudiant - Responsable pédagogique,ALVEUS,https://jobs.makesense.org/fr/jobs/alveus-job-etudiant-responsable-pedagogique-cg1RpxftyLcy71XxgWRq
TRAVAILLEUR SOCIAL (H/F/X),La Croix-Rouge française,https://jobs.makesense.org/fr/jobs/la-croix-rouge-francaise-travailleur-social-hfx-cja5DSVa5hHxMKJLyGdU
Psychomotricien Diplômé d'état,La Croix-Rouge française,https://jobs.makesense.org/fr/jobs/la-croix-rouge-francaise-psychomotricien-diplome-detat-coMWCGEWZH1cm6D65dkX
Médecin,La Croix-Rouge française,https://jobs.makesense.org/fr/jobs/la-croix-rouge-francaise-medecin-cvHiwP5aORWEj5QINA0g
CHARGÉ.E D'ACCOMPAGNEMENT SOCIAL & PROFESSIONNEL EN ENTREPRISE ADAPTÉE - H/F,Groupe Ares,https://jobs.makesense.org/fr/jobs/groupe-ares-chargee-daccompagnement-social-et-professionnel-en-entreprise-adaptee-hf-d0K7PG2y7vsaeG2FI7f2
Maraudeur (H/F/X) SAMU Social 95 jour - CDI,La Croix-Rouge française,https://jobs.makesense.org/fr/jobs/la-croix-rouge-francaise-maraudeur-hfx-samu-social-95-jour-cdi-d1oQhfB8omhNHQMBfn3c
RESPONSABLE DE SERVICE EDUCATIF ET/OU SOCIALF/H/X,La Croix-Rouge française,https://jobs.makesense.org/fr/jobs/la-croix-rouge-francaise-responsable-de-service-educatif-etou-socialfhx-d3iJsebrEwhUxpHt2OxU
PSYCHOLOGUE H/F,La Croix-Rouge française,https://jobs.makesense.org/fr/jobs/la-croix-rouge-francaise-psychologue-hf-d63DyqyjDPlaLVYoSBHE
Travailleur social Cellule SIAO H/F/X,La Croix-Rouge française,https://jobs.makesense.org/fr/jobs/la-croix-rouge-francaise-travailleur-social-cellule-siao-hfx-dLjpK6AhMNA4AMTH4foQ
KEY ACCOUNT MANAGER H/F - PARIS 17e ,Café joyeux ,https://jobs.makesense.org/fr/jobs/cafe-joyeux-key-account-manager-hf-paris-17e-dLwEtNkRPd8CbC3fBQhb
Chargé.e de projets PACA - Stage,Les Insatiables (Groupe SOS),https://jobs.makesense.org/fr/jobs/les-insatiables-groupe-sos-chargee-de-projets-paca-stage-dMz5Slb8YtBPsfbx8JsI
Responsable Qualité & Ingénierie Pédagogique,Fondation Altitudes,https://jobs.makesense.org/fr/jobs/fondation-altitudes-responsable-qualite-et-ingenierie-pedagogique-dOaNNjtOdAj9xtCjA4GV
STAGE - Chargé.e d’animation et de gestion de tiers-lieu,Plateau Urbain,https://jobs.makesense.org/fr/jobs/plateau-urbain-stage-chargee-danimation-et-de-gestion-de-tiers-lieu-dP0DmmxQtandapkMJyM7
Infirmier(e) (F/H/X) en CDI,La Croix-Rouge française,https://jobs.makesense.org/fr/jobs/la-croix-rouge-francaise-infirmiere-fhx-en-cdi-da3DeQXw8la3cY5RiVDD
EDUCATEUR SPECIALISE H/F,La Croix-Rouge française,https://jobs.makesense.org/fr/jobs/la-croix-rouge-francaise-educateur-specialise-hf-e4somASvtSwKQZg0qF11
Moniteur Educateur (H/F/X) - CDI,La Croix-Rouge française,https://jobs.makesense.org/fr/jobs/la-croix-rouge-francaise-moniteur-educateur-hfx-cdi-eFypCfH1oBTL5bG0dPuu
CHARGE D'ORIENTATION POLE HEBERGEMENT LOGEMENT INTERMEDIATION LOCATIVE F/H/X,La Croix-Rouge française,https://jobs.makesense.org/fr/jobs/la-croix-rouge-francaise-charge-dorientation-pole-hebergement-logement-intermediation-locative-fhx-eLTBFwHqFDgkUsXbKyvY
COORDINATEUR FONCTIONNEL SIRH/GTA (H/F/X),La Croix-Rouge française,https://jobs.makesense.org/fr/jobs/la-croix-rouge-francaise-coordinateur-fonctionnel-sirhgta-hfx-eN2VzIzbuE14Vn8UJ1hI
Référent technique santé F/H/X,La Croix-Rouge française,https://jobs.makesense.org/fr/jobs/la-croix-rouge-francaise-referent-technique-sante-fhx-ePfqQWt8KRCYVbkaN4BU
Alternance Développeur/se Full Stack  Flutter/Laravel,Qileo,https://jobs.makesense.org/fr/jobs/qileo-alternance-developpeurse-full-stack-flutterlaravel-eSDirzWjrGWAF8eRmTnC
Responsable développement réseau & logistique,DolceVia,https://jobs.makesense.org/fr/jobs/dolcevia-responsable-developpement-reseau-et-logistique-eVFiNyu9EI7TicT77hEA
Responsable de secteur dans les services à la personne (H/F),Petits-fils,https://jobs.makesense.org/fr/jobs/petits-fils-responsable-de-secteur-dans-les-services-a-la-personne-hf-eZoDRjty82J0VQF75Wm9
TISF H/F (1962),La Croix-Rouge française,https://jobs.makesense.org/fr/jobs/la-croix-rouge-francaise-tisf-hf-1962-ecS40KDagTjQMxMpfz8T
Growth Marketing & IA Automation,Hello Watt,https://jobs.makesense.org/fr/jobs/hello-watt-growth-marketing-et-ia-automation-eliPwFwfseBMlWclz798
Agent d'entretien serres et parc H/F,Fondation Apprentis d'Auteuil,https://jobs.makesense.org/fr/jobs/fondation-apprentis-dauteuil-agent-dentretien-serres-et-parc-hf-es3HdsFyKERgQn6vbrjs
Educateur spécialisé en SAM  - CDD - H/F,Fondation Apprentis d'Auteuil,https://jobs.makesense.org/fr/jobs/fondation-apprentis-dauteuil-educateur-specialise-en-sam-cdd-hf-etFqPdHTRYfVw2KDtDVr
Stagiaire Logistique et réemploi solidaire  H/F,Emmaüs Connect,https://jobs.makesense.org/fr/jobs/emmaus-connect-stagiaire-logistique-et-reemploi-solidaire-hf-fV3bKBY6HsgI9nM8N70G
Manager EPM - Consolidation,OMEVA,https://jobs.makesense.org/fr/jobs/omeva-manager-epm-consolidation-fi91if3bZ3MJSGwYFP8Y
Chargé.e de mission EEDD,GRAINE Île-de-France,https://jobs.makesense.org/fr/jobs/graine-ile-de-france-chargee-de-mission-eedd-fk3LOerYjvvh7NvQLnHQ
Responsable administratif et financier H/F,Ecclésia RH,https://jobs.makesense.org/fr/jobs/ecclesia-rh-responsable-administratif-et-financier-hf-frIvFcH8IAwEBgTJQlOT
Software Engineer (Data & ML) - CDI,Versant,https://jobs.makesense.org/fr/jobs/versant-software-engineer-data-and-ml-cdi-g4KEZASzFJFufgxhmePj
Contrôleur de gestion - Activité et Administration de base de données H/F,Fondation Apprentis d'Auteuil,https://jobs.makesense.org/fr/jobs/fondation-apprentis-dauteuil-controleur-de-gestion-activite-et-administration-de-base-de-donnees-hf-gAqPi3GQItdpTzUcuUj1
E-COMMERCE & DIGITAL MANAGER ,PLAQ,https://jobs.makesense.org/fr/jobs/plaq-e-commerce-et-digital-manager-gFMhGIGkJ4HllY9X5GFZ
Responsable de secteur dans les services à la personne (H/F),Petits-fils,https://jobs.makesense.org/fr/jobs/petits-fils-responsable-de-secteur-dans-les-services-a-la-personne-hf-gNqZq3MQDOvnWcCt8ioz
Conseiller en parcours - Intervenant pair (H/F) - COMMUNAUTE 360,Communauté 360 de Paris,https://jobs.makesense.org/fr/jobs/communaute-360-de-paris-conseiller-en-parcours-intervenant-pair-hf-communaute-360-gRFdg5ZOtmX0Kh0e8yCY
Social Sustainability Manager,OMEVA,https://jobs.makesense.org/fr/jobs/omeva-social-sustainability-manager-gTSQ0roba0T7AGNG26Mz
Chargé.e d'animation de réseau,Cotravaux Ile-de-France,https://jobs.makesense.org/fr/jobs/cotravaux-ile-de-france-chargee-danimation-de-reseau-gUTkVYVn01VHrLsULZQA
Responsable des moyens généraux H/F,Fondation Apprentis d'Auteuil,https://jobs.makesense.org/fr/jobs/fondation-apprentis-dauteuil-responsable-des-moyens-generaux-hf-gVhsMc7f5olssbrqmCQ5
Chargé  d'études F/H/X,La Croix-Rouge française,https://jobs.makesense.org/fr/jobs/la-croix-rouge-francaise-charge-detudes-fhx-gbcjccpmIHBp0O00CyPt
Responsable de secteur dans les services à la personne (H/F),Petits-fils,https://jobs.makesense.org/fr/jobs/petits-fils-responsable-de-secteur-dans-les-services-a-la-personne-hf-gmoUgmbCL36EXfMZnFQt
INFIRMIER DIPLÔMÉ D’ETAT (H/F/X),La Croix-Rouge française,https://jobs.makesense.org/fr/jobs/la-croix-rouge-francaise-infirmier-diplome-detat-hfx-gni39gt4IvAA4k1PBowB
Sales Development Representative (SDR) - Stage,Le campus des métiers,https://jobs.makesense.org/fr/jobs/le-campus-des-metiers-sales-development-representative-sdr-stage-grgVjISAxvax4lUGEY9P
Account Executive | Altitude Finance H/F,AXA Climate,https://jobs.makesense.org/fr/jobs/axa-climate-account-executive-or-altitude-finance-hf-gstCSVYtz4v6Pz4u2HWN
Responsable d'agence dans les services à la personne (H/F),Petits-fils,https://jobs.makesense.org/fr/jobs/petits-fils-responsable-dagence-dans-les-services-a-la-personne-hf-gwPRvTmqAJQTZpmRCQsF
Chargé·e social media & influence – H/F,Les Petits Frères des Pauvres,https://jobs.makesense.org/fr/jobs/les-petits-freres-des-pauvres-chargee-social-media-et-influence-hf-gxzLGq2zcvwfG8SksfhM
Responsable d'agence dans les services à la personne (H/F),Petits-fils,https://jobs.makesense.org/fr/jobs/petits-fils-responsable-dagence-dans-les-services-a-la-personne-hf-h9g7BtiVWezbGV3dFhIg
Geospatial Data Engineer H/F,AXA Climate,https://jobs.makesense.org/fr/jobs/axa-climate-geospatial-data-engineer-hf-hOd6Y53xLPCm0VWqfas9
Psychologue (H/F/X),La Croix-Rouge française,https://jobs.makesense.org/fr/jobs/la-croix-rouge-francaise-psychologue-hfx-hY6171kpldaOI7eP5zoW
EDUCATEUR SPECIALISE F/H/X,La Croix-Rouge française,https://jobs.makesense.org/fr/jobs/la-croix-rouge-francaise-educateur-specialise-fhx-heAgs1u167Q0iNHtbZN3
Conseiller/conseillère en financement ESS,France Active,https://jobs.makesense.org/fr/jobs/france-active-conseillerconseillere-en-financement-ess-hfe2U8K4Ga3Z9uA4rsL5
Directeur Juridique H/F,Fondation Apprentis d'Auteuil,https://jobs.makesense.org/fr/jobs/fondation-apprentis-dauteuil-directeur-juridique-hf-hkEC9C8Myo4YVzrJEIiQ
Responsable Adjoint·e Service Audit,Première Urgence Internationale,https://jobs.makesense.org/fr/jobs/premiere-urgence-internationale-responsable-adjointe-service-audit-hpxbDsLa8XhhFmbyPgaN
"Chargé de formation Lutte contre la précarité menstruelle, vie affective et sexuelle (H/F/X)",La Croix-Rouge française,https://jobs.makesense.org/fr/jobs/la-croix-rouge-francaise-charge-de-formation-lutte-contre-la-precarite-menstruelle-vie-affective-et-sexuelle-hfx-hqB50Js2adIx0Xl5sOdE
Responsable d'équipe Maraude CDI (F/H/X),La Croix-Rouge française,https://jobs.makesense.org/fr/jobs/la-croix-rouge-francaise-responsable-dequipe-maraude-cdi-fhx-ht1vAPgjB49UZD2SJQKI
Psychomotricien,La Croix-Rouge française,https://jobs.makesense.org/fr/jobs/la-croix-rouge-francaise-psychomotricien-htolPVJRtjWVZGv67VAG
Product Designer | Altitude H/F,AXA Climate,https://jobs.makesense.org/fr/jobs/axa-climate-product-designer-or-altitude-hf-huegOJsyHrS4L1544jtm
Chargé.e de Développement Commercial BtoB - H/F,Groupe Ares,https://jobs.makesense.org/fr/jobs/groupe-ares-chargee-de-developpement-commercial-btob-hf-i5G83fbEauYIWQA4lYqx
Responsable Administratif (F/H/X),La Croix-Rouge française,https://jobs.makesense.org/fr/jobs/la-croix-rouge-francaise-responsable-administratif-fhx-iM5JOj2TWWoLQk83NpbF
BRAS DROIT CEO - Paris,intro,https://jobs.makesense.org/fr/jobs/intro-bras-droit-ceo-paris-iN74JXP6uZ5yGToPNL76
Stage Ingénieur Conducteur de Travaux (H/F),Les Fermes Debout,https://jobs.makesense.org/fr/jobs/les-fermes-debout-stage-ingenieur-conducteur-de-travaux-hf-iWCKrAa4TfyjX4bG2qr9
Assistant de service social (F/H/X),La Croix-Rouge française,https://jobs.makesense.org/fr/jobs/la-croix-rouge-francaise-assistant-de-service-social-fhx-ieGlcTf74IIzJLXHzVfd
Responsable de la collecte de fonds et BDD donateurs H/F,Ecclésia RH,https://jobs.makesense.org/fr/jobs/ecclesia-rh-responsable-de-la-collecte-de-fonds-et-bdd-donateurs-hf-iiWDx6R8GXJkzkNNM5Ew
Coordinateur(trice) de stage CDD (F/H/X),La Croix-Rouge française,https://jobs.makesense.org/fr/jobs/la-croix-rouge-francaise-coordinateurtrice-de-stage-cdd-fhx-ikA8l6RkqlsJismoB6dm
Juriste  confirmé - dominante droit du travail (H/F),Petits-fils,https://jobs.makesense.org/fr/jobs/petits-fils-juriste-confirme-dominante-droit-du-travail-hf-irHQ1nzMgPVl5xOUawOr
Comptable trésorerie F/H CDI,"NOUS, épiceries anti-gaspi",https://jobs.makesense.org/fr/jobs/nous-epiceries-anti-gaspi-comptable-tresorerie-fh-cdi-irKbXpv7EgpEzhJfj1Ib
Offre de Stage : Chargé·e de Com & développement junior [Agence de Fundraising],WE RISE,https://jobs.makesense.org/fr/jobs/we-rise-offre-de-stage-chargee-de-com-et-developpement-junior-agence-de-fundraising-irnP9Kzq7NfgecdP4W4X
Rédacteur.ice Web & SEO ,Hello Watt,https://jobs.makesense.org/fr/jobs/hello-watt-redacteurice-web-et-seo-it3bYHwiejOWdr1rYJX3
Candidature spontanée,ALVEUS,https://jobs.makesense.org/fr/jobs/alveus-candidature-spontanee-j2gWlnHdQA6hlrUdfvcy
Stage 4 à 6 mois H/F - Appui à la recherche de financements,Association HALAGE,https://jobs.makesense.org/fr/jobs/association-halage-stage-4-a-6-mois-hf-appui-a-la-recherche-de-financements-j4xUGNOdW3U12oclEMJR
Chargé(e) de recrutement et d'accompagnement - Créteil,Groupe Vitamine T ,https://jobs.makesense.org/fr/jobs/groupe-vitamine-t-chargee-de-recrutement-et-daccompagnement-creteil-j79XzZwpgRRTQQ0gapxG
Coordination de l’Eco-centre de Dugny,Recyclerie Sportive,https://jobs.makesense.org/fr/jobs/recyclerie-sportive-coordination-de-leco-centre-de-dugny-jFMZVLIc0hTWyHiOFPMM
Assistant / Assistante admninistrative,Triethic,https://jobs.makesense.org/fr/jobs/triethic-assistant-assistante-admninistrative-jFsyhoISdAacigVaBLS8
Office Manager – Gestion et coordination administrative de projets associatifs à impact,Fun Être Sur l'Ile,https://jobs.makesense.org/fr/jobs/fun-etre-sur-lile-office-manager-gestion-et-coordination-de-projets-associatifs-a-impact-jMHZIF5dzGg5x5FZy8qE
Software Engineer Fullstack (H/F) ,Hello Watt,https://jobs.makesense.org/fr/jobs/hello-watt-software-engineer-fullstack-hf-jNkTjRpx8rASGYwxr31x
Animateur FLE (H/F),La Croix-Rouge française,https://jobs.makesense.org/fr/jobs/la-croix-rouge-francaise-animateur-fle-hf-jRLdZQ4Zn4RHJzlr3lty
UN·E ACCOMPAGNATEUR·TRICE JURIDIQUE EN RETENTION (H/F) - GUYANE - CDD,LA CIMADE,https://jobs.makesense.org/fr/jobs/la-cimade-une-accompagnateurtrice-juridique-en-retention-hf-guyane-cdd-jUDDrQLpHtLQ5SGelLzx
Responsable pédagogique - CDI 35h,ALVEUS,https://jobs.makesense.org/fr/jobs/alveus-responsable-pedagogique-cdi-35h-jUV5I3OkyAIqcAhYg8na
Chauffeur poids lourd ampirol mutichaine (H/F),RM RECYCLAGE,https://jobs.makesense.org/fr/jobs/rm-recyclage-chauffeur-poids-lourd-ampirol-mutichaine-hf-jUcZMQ4PtvuMnrs58PmX
Directeur de la communication H/F,Fondation de France  ,https://jobs.makesense.org/fr/jobs/fondation-de-france-directeur-de-la-communication-hf-jbODulsDEGfNIojtGPYd
Référent technique de l'accompagnement des personnes TND/TSA,Fondation Perce Neige,https://jobs.makesense.org/fr/jobs/fondation-perce-neige-referent-technique-de-laccompagnement-des-personnes-tndtsa-jbZYRg6Je01ajfkdqMWJ
TIUS Maraudes F/H/X,La Croix-Rouge française,https://jobs.makesense.org/fr/jobs/la-croix-rouge-francaise-tius-maraudes-fhx-jeoIByyTA9SvmkSlCtUx
Ouvrier qualifié CDI Temps plein H/F,Fondation Apprentis d'Auteuil,https://jobs.makesense.org/fr/jobs/fondation-apprentis-dauteuil-ouvrier-qualifie-cdi-temps-plein-hf-jfBNEjM71LdQqEHIENVt
Stage - Assistant.e création visuelle - Pôle Communication ,EPCC Le Cube Garges,https://jobs.makesense.org/fr/jobs/epcc-le-cube-garges-stage-assistante-creation-visuelle-pole-communication-jg8gPNiX6Q0Jw5U4XXda
Responsable de programmes humanitaire H/F,FIRDAOUS CHARITY FRANCE,https://jobs.makesense.org/fr/jobs/firdaous-charity-france-responsable-de-programmes-humanitaire-hf-ji07vKA67BZo02yChKgR
Accompagnant éducatif et social H/F/X,La Croix-Rouge française,https://jobs.makesense.org/fr/jobs/la-croix-rouge-francaise-accompagnant-educatif-et-social-hfx-jodYJ86xGUX0IG6AMEll
Responsable Développement Producteurs - Secteur de la Distribution et Textile,Léko,https://jobs.makesense.org/fr/jobs/leko-responsable-developpement-producteurs-secteur-de-la-distribution-et-textile-jru9gkg9oKM809KlkpqA
Comptable Confirmé H/F,Ligue contre le Cancer,https://jobs.makesense.org/fr/jobs/ligue-contre-le-cancer-comptable-confirme-hf-jxhId77oCYLvGmxwE4H2
Auxiliaire de puériculture H/F,Fondation Apprentis d'Auteuil,https://jobs.makesense.org/fr/jobs/fondation-apprentis-dauteuil-auxiliaire-de-puericulture-hf-jy5clBySS6dyWaxIvocM
Stagiaire responsable qualité (F/H),La Croix-Rouge française,https://jobs.makesense.org/fr/jobs/la-croix-rouge-francaise-stagiaire-responsable-qualite-fh-k0YSJRTUysNQDUAXCLxh
Chargé(e) d’animation du réseau,L'Outil en Main France,https://jobs.makesense.org/fr/jobs/loutil-en-main-france-chargee-danimation-du-reseau-k3lSNFdwWwEjyvWYOtBk
Psychologue (X/H/F),La Croix-Rouge française,https://jobs.makesense.org/fr/jobs/la-croix-rouge-francaise-psychologue-xhf-k4XrfivdP7ujkjxc8NX8
Chargé d'études Acoustique H/F,Greenaffair,https://jobs.makesense.org/fr/jobs/greenaffair-charge-detudes-acoustique-hf-k9Fmcl9U0l7TRFDGmKuO
Educateur scolaire Collège CDD H/F,Fondation Apprentis d'Auteuil,https://jobs.makesense.org/fr/jobs/fondation-apprentis-dauteuil-educateur-scolaire-college-cdd-hf-kLSSj8R3idLBUiAiiPuI
Médecin Chef  Pédopsychiatre (H/F/X),La Croix-Rouge française,https://jobs.makesense.org/fr/jobs/la-croix-rouge-francaise-medecin-chef-pedopsychiatre-hfx-kZpURyweWpv5b9O1InmM
Growth Marketing Manager - Climate School H/F,AXA Climate,https://jobs.makesense.org/fr/jobs/axa-climate-growth-marketing-manager-climate-school-hf-kd9CEt0mscPxgNAS2b3B
Directeur.ice SINGA LILLE,SINGA France,https://jobs.makesense.org/fr/jobs/singa-france-directeurice-singa-lille-keRItGpnGT6O3jws1saO
Professeur d'activités physiques adaptées APA (F/H/X),La Croix-Rouge française,https://jobs.makesense.org/fr/jobs/la-croix-rouge-francaise-professeur-dactivites-physiques-adaptees-apa-fhx-keqGojOKNZMT0t3nH2mZ
Chef d'Equipe Espace vert,Groupe Vitamine T ,https://jobs.makesense.org/fr/jobs/groupe-vitamine-t-chef-dequipe-espace-vert-kknwDpAg8eTURhGL5AZW
Assistant Pédagogique H/F/X,La Croix-Rouge française,https://jobs.makesense.org/fr/jobs/la-croix-rouge-francaise-assistant-pedagogique-hfx-kqsKrfSYAdiK7ImPVDij
Responsable ressources humaines (H/F),Fondation Perce Neige,https://jobs.makesense.org/fr/jobs/fondation-perce-neige-responsable-ressources-humaines-hf-l6VAyzByFAzFdrNbYMKH
Assistant.e chef de produit acheteur H/F STAGE,"NOUS, épiceries anti-gaspi",https://jobs.makesense.org/fr/jobs/nous-epiceries-anti-gaspi-assistante-chef-de-produit-acheteur-hf-stage-l6cuOSTqqO5kqjnPxyut
Candidature spontanée,Slasheurs-cueilleurs,https://jobs.makesense.org/fr/jobs/slasheurs-cueilleurs-candidature-spontanee-l7ILGJOyKtzQXDkPRCWn
Stage – Consultant.e en stratégie climat – Pôle Secteur Public,OuiACT,https://jobs.makesense.org/fr/jobs/ouiact-stage-consultante-en-strategie-climat-pole-secteur-public-l9jBgjab9chR5ecjeliH
